City_ID,City,Country,Date,Lat,Lng,Max Temp,Humidity,Cloudiness,Wind Speed
0,Ancud,CL,2021-12-02 08:08:11,-41.8697,-73.8203,38.73,80,40,4.94
1,Bredasdorp,ZA,2021-12-02 08:08:11,-34.5322,20.0403,59.29,57,57,13.6
2,Avarua,CK,2021-12-02 08:03:20,-21.2078,-159.775,77.05,88,40,18.41
3,Hobart,AU,2021-12-02 08:08:12,-42.8794,147.3294,63.27,93,75,1.99
4,Fortuna,US,2021-12-02 08:08:12,40.5982,-124.1573,51.98,70,90,0.0
5,Puerto Ayora,EC,2021-12-02 08:08:13,-0.7393,-90.3518,67.6,90,21,7.45
6,Oromocto,CA,2021-12-02 08:08:13,45.8351,-66.4792,21.94,92,50,5.01
7,Cherskiy,RU,2021-12-02 08:08:13,68.75,161.3,-33.18,98,29,6.02
8,Santa Fe,AR,2021-12-02 08:05:05,-31.6333,-60.7,66.02,74,0,1.99
9,Mahebourg,MU,2021-12-02 08:08:14,-20.4081,57.7,85.24,71,21,14.52
10,Chittaurgarh,IN,2021-12-02 08:08:14,24.8833,74.6333,66.24,44,100,7.43
11,Shingu,JP,2021-12-02 08:08:15,33.7333,135.9833,46.45,69,0,4.52
12,Kapaa,US,2021-12-02 08:08:15,22.0752,-159.319,77.32,83,40,4.0
13,Kununurra,AU,2021-12-02 08:05:30,-15.7667,128.7333,107.58,15,62,4.61
14,Punta Arenas,CL,2021-12-02 08:08:16,-53.15,-70.9167,42.12,81,20,4.61
15,Jamestown,US,2021-12-02 08:06:16,42.097,-79.2353,43.92,98,90,7.0
16,Ushuaia,AR,2021-12-02 08:08:16,-54.8,-68.3,35.53,95,25,5.61
17,Marsabit,KE,2021-12-02 08:08:17,2.3284,37.9899,72.52,62,49,17.94
18,Cape Town,ZA,2021-12-02 08:08:17,-33.9258,18.4232,68.09,62,68,15.97
19,Krasnoselkup,RU,2021-12-02 08:08:17,65.7,82.4667,6.39,94,100,17.16
20,Chuy,UY,2021-12-02 08:08:18,-33.6971,-53.4616,59.9,78,70,4.38
21,Saint George,US,2021-12-02 08:07:13,37.1041,-113.5841,59.34,34,1,3.44
22,Rikitea,PF,2021-12-02 08:08:18,-23.1203,-134.9692,75.61,77,0,18.23
23,Thompson,CA,2021-12-02 08:04:35,55.7435,-97.8558,-12.66,94,88,4.5
24,Waingapu,ID,2021-12-02 08:08:19,-9.6567,120.2641,83.91,72,100,4.36
25,Deer Lake,CA,2021-12-02 08:08:19,49.1667,-57.4316,28.04,95,33,5.66
26,Sangar,RU,2021-12-02 08:08:20,63.9242,127.4739,-31.27,96,64,7.49
27,Lebu,CL,2021-12-02 08:06:37,-37.6167,-73.65,52.66,82,100,16.8
28,Tuatapere,NZ,2021-12-02 08:08:20,-46.1333,167.6833,57.81,80,99,1.21
29,Dunedin,NZ,2021-12-02 08:08:04,-45.8742,170.5036,57.16,91,100,13.85
30,Maragogi,BR,2021-12-02 08:08:21,-9.0122,-35.2225,76.93,83,90,7.78
31,Chokurdakh,RU,2021-12-02 08:08:22,70.6333,147.9167,-42.29,100,55,2.04
32,Bambous Virieux,MU,2021-12-02 08:08:22,-20.3428,57.7575,85.21,71,16,14.99
33,Ampanihy,MG,2021-12-02 08:08:22,-24.7,44.75,97.25,29,0,5.82
34,Green River,US,2021-12-02 08:08:23,41.5286,-109.4662,41.4,73,0,3.44
35,Burnie,AU,2021-12-02 08:08:23,-41.0667,145.9167,66.94,75,88,8.77
36,Pangnirtung,CA,2021-12-02 08:08:24,66.1451,-65.7125,-3.01,96,25,6.2
37,Klyuchi,RU,2021-12-02 08:08:24,52.2667,79.1667,29.91,75,2,10.16
38,Butaritari,KI,2021-12-02 08:08:24,3.0707,172.7902,82.22,73,10,8.9
39,Faanui,PF,2021-12-02 08:08:25,-16.4833,-151.75,80.22,74,100,16.67
40,Provideniya,RU,2021-12-02 08:08:25,64.3833,-173.3,-3.89,78,55,6.89
41,Praya,CV,2021-12-02 08:08:25,14.9215,-23.5087,72.14,78,90,19.57
42,Iqaluit,CA,2021-12-02 08:08:26,63.7506,-68.5145,18.7,79,100,4.0
43,Mataura,NZ,2021-12-02 08:08:26,-46.1927,168.8643,57.47,76,100,2.21
44,Georgetown,MY,2021-12-02 08:05:50,5.4112,100.3354,81.9,82,40,3.44
45,Sabha,LY,2021-12-02 08:08:27,27.0377,14.4283,59.2,50,99,16.35
46,Komsomolskiy,UZ,2021-12-02 08:09:27,40.4272,71.7189,57.92,28,9,2.3
47,Gadwal,IN,2021-12-02 08:09:28,16.2333,77.8,81.43,55,5,4.23
48,Mackay,AU,2021-12-02 08:09:28,-21.15,149.2,83.05,72,14,7.07
49,Katsuura,JP,2021-12-02 08:09:14,35.1333,140.3,55.11,50,2,7.7
50,Blagoveshchensk,RU,2021-12-02 08:09:29,50.2667,127.5333,9.21,78,40,6.71
51,Barrow,US,2021-12-02 08:09:29,71.2906,-156.7887,-11.18,70,90,8.05
52,Wembley,AU,2021-12-02 08:09:29,-31.9333,115.8,80.8,50,0,17.27
53,Carberry,CA,2021-12-02 08:09:30,49.8689,-99.3602,28.65,83,100,11.48
54,Urucui,BR,2021-12-02 08:09:30,-7.2294,-44.5561,76.75,78,89,2.08
55,New Norfolk,AU,2021-12-02 08:09:30,-42.7826,147.0587,62.91,86,99,3.38
56,Bethel,US,2021-12-02 08:09:31,41.3712,-73.414,46.54,85,90,3.44
57,Barra Do Garcas,BR,2021-12-02 08:09:31,-15.89,-52.2567,71.29,96,100,3.74
58,Kitimat,CA,2021-12-02 08:09:32,54.0524,-128.6534,34.92,69,100,6.02
59,Ribeira Grande,PT,2021-12-02 08:09:32,38.5167,-28.7,59.4,82,40,8.05
60,Bemidji,US,2021-12-02 08:08:33,47.4736,-94.8803,37.06,84,90,16.11
61,Qasigiannguit,GL,2021-12-02 08:06:13,68.8193,-51.1922,14.79,70,11,7.96
62,Vardo,NO,2021-12-02 08:09:33,70.3705,31.1107,31.98,64,40,25.32
63,Sao Filipe,CV,2021-12-02 08:09:33,14.8961,-24.4956,74.07,67,100,14.0
64,Atuona,PF,2021-12-02 08:09:33,-9.8,-139.0333,78.42,77,44,22.24
65,Bluff,NZ,2021-12-02 08:09:34,-46.6,168.3333,57.79,92,75,8.63
66,Chirongui,YT,2021-12-02 08:09:34,-12.9319,45.1483,85.93,68,25,4.07
67,Wilmington,US,2021-12-02 08:09:35,34.2257,-77.9447,57.11,89,90,9.22
68,Busselton,AU,2021-12-02 08:09:35,-33.65,115.3333,77.09,40,4,8.5
69,Mao,ES,2021-12-02 08:09:35,39.8885,4.2658,48.76,93,20,8.05
70,Codrington,AU,2021-12-02 08:09:36,-38.2667,141.9667,58.53,66,47,19.3
71,Saint-Philippe,RE,2021-12-02 08:09:36,-21.3585,55.7679,81.95,83,48,14.41
72,Mayumba,GA,2021-12-02 08:09:37,-3.432,10.6554,79.05,84,98,4.41
73,Geraldton,AU,2021-12-02 08:09:37,-28.7667,114.6,73.81,60,76,26.46
74,La Ronge,CA,2021-12-02 08:08:00,55.1001,-105.2842,4.01,98,91,3.11
75,Presidencia Roque Saenz Pena,AR,2021-12-02 08:09:37,-26.7852,-60.4388,64.83,62,4,5.77
76,Matamoros,MX,2021-12-02 08:09:38,25.5333,-103.25,62.11,69,56,2.42
77,Benguela,AO,2021-12-02 08:09:38,-12.5763,13.4055,80.2,73,76,4.12
78,Lloydminster,CA,2021-12-02 08:06:50,53.2835,-110.0016,19.8,97,93,5.3
79,Gat,IL,2021-12-02 08:09:39,31.61,34.7642,66.9,4,92,6.8
80,Sibut,CF,2021-12-02 08:09:39,5.718,19.0739,86.16,52,15,6.02
81,Hermanus,ZA,2021-12-02 08:09:40,-34.4187,19.2345,59.81,64,95,11.43
82,Spas,UA,2021-12-02 08:09:40,48.8899,24.0629,41.09,78,100,14.56
83,Sorland,NO,2021-12-02 08:07:55,67.667,12.6934,35.46,51,100,31.54
84,Ust-Tsilma,RU,2021-12-02 08:09:40,65.441,52.1498,18.63,96,100,3.91
85,Hilo,US,2021-12-02 08:09:41,19.7297,-155.09,75.27,87,20,6.91
86,Along,IN,2021-12-02 08:09:41,28.1667,94.7667,79.68,34,40,1.88
87,Port Elizabeth,ZA,2021-12-02 08:05:02,-33.918,25.5701,69.1,73,98,17.67
88,Lukovetskiy,RU,2021-12-02 08:09:42,64.2956,41.9211,15.78,98,84,3.69
89,Lagoa,PT,2021-12-02 08:09:42,39.05,-27.9833,62.56,83,0,8.84
90,Vaini,TO,2021-12-02 08:09:42,-21.2,-175.2,77.16,83,20,6.91
91,Aden,YE,2021-12-02 08:05:11,12.7794,45.0367,80.71,58,0,15.75
92,Lodja,CD,2021-12-02 08:09:43,-3.4833,23.4333,79.61,73,96,1.54
93,Whitehorse,CA,2021-12-02 08:10:43,60.7161,-135.0538,19.31,85,99,13.0
94,Kieta,PG,2021-12-02 08:06:42,-6.2167,155.6333,81.79,77,90,0.58
95,Tigil,RU,2021-12-02 08:10:44,57.8,158.6667,31.01,89,100,12.46
96,Saint-Augustin,CA,2021-12-02 08:10:44,51.226,-58.6502,24.26,92,100,3.15
97,Balyaga,RU,2021-12-02 08:10:45,51.1507,108.921,22.55,83,100,8.63
98,Cidreira,BR,2021-12-02 08:07:50,-30.1811,-50.2056,66.47,66,97,6.06
99,Sarangani,PH,2021-12-02 08:10:45,5.4033,125.4636,84.06,76,100,14.85
100,Luzino,RU,2021-12-02 08:10:46,54.9481,73.0353,29.97,55,0,13.42
101,Nanortalik,GL,2021-12-02 08:10:46,60.1432,-45.2371,31.46,93,100,16.06
102,Champerico,GT,2021-12-02 08:10:46,14.3,-91.9167,79.03,75,5,5.3
103,Leningradskiy,RU,2021-12-02 08:10:47,69.3833,178.4167,-11.09,92,100,4.18
104,Nemuro,JP,2021-12-02 08:10:47,43.3236,145.575,34.61,60,29,22.46
105,Tautira,PF,2021-12-02 08:10:47,-17.7333,-149.15,82.0,77,100,19.46
106,Dezful,IR,2021-12-02 08:10:48,32.3811,48.4058,74.88,40,94,21.3
107,Pauini,BR,2021-12-02 08:10:48,-7.7136,-66.9764,71.19,99,100,2.44
108,Rantoul,US,2021-12-02 08:10:49,40.3084,-88.1559,48.34,83,1,8.99
109,Itarema,BR,2021-12-02 08:10:49,-2.9248,-39.9167,77.86,84,99,8.5
110,Ust-Kuyga,RU,2021-12-02 08:10:49,70.0167,135.6,-47.88,100,73,0.47
111,San Cristobal,VE,2021-12-02 08:10:50,7.7669,-72.225,64.24,89,93,1.52
112,Zhicheng,CN,2021-12-02 08:10:50,30.2956,111.5047,62.13,31,1,4.47
113,Launceston,AU,2021-12-02 08:07:54,-41.45,147.1667,66.61,76,40,3.0
114,Marawi,PH,2021-12-02 08:10:51,7.9986,124.2928,74.64,81,69,4.99
115,Las Palmas,ES,2021-12-02 08:10:51,28.4204,-14.0131,63.39,68,40,20.71
116,Isparta,TR,2021-12-02 08:10:51,38.0,31.0,30.96,56,0,2.91
117,Flinders,AU,2021-12-02 08:10:52,-34.5833,150.8552,76.8,79,34,9.62
118,Masingbi,SL,2021-12-02 08:10:52,8.7833,-11.95,75.07,94,99,0.89
119,Alice Springs,AU,2021-12-02 08:10:17,-23.7,133.8833,98.15,9,0,14.97
120,Pinotepa Nacional,MX,2021-12-02 08:10:53,16.3167,-98.0167,71.35,87,0,3.22
121,Lorengau,PG,2021-12-02 08:10:53,-2.0226,147.2712,82.15,76,65,2.86
122,Kidodi,TZ,2021-12-02 08:10:53,-7.6036,37.0044,86.81,55,26,2.82
123,Hithadhoo,MV,2021-12-02 08:10:54,-0.6,73.0833,82.56,75,17,8.9
124,Adrar,MR,2021-12-02 08:10:54,20.5022,-10.0711,66.76,16,100,10.33
125,Qaanaaq,GL,2021-12-02 08:10:55,77.484,-69.3632,1.76,72,64,8.19
126,Kavieng,PG,2021-12-02 08:10:55,-2.5744,150.7967,83.3,73,28,8.12
127,Mar Del Plata,AR,2021-12-02 08:10:06,-38.0023,-57.5575,58.87,85,40,11.01
128,Petropavlovka,RU,2021-12-02 08:10:56,50.6114,105.3196,19.74,86,14,3.8
129,Jamiltepec,MX,2021-12-02 08:10:56,16.2833,-97.8167,67.84,85,0,3.47
130,Leshukonskoye,RU,2021-12-02 08:10:57,64.8989,45.7622,19.99,98,100,1.7
131,Albany,US,2021-12-02 08:09:31,42.6001,-73.9662,40.8,78,100,7.47
132,Puerto Quijarro,BO,2021-12-02 08:10:57,-17.7833,-57.7667,72.18,96,68,1.16
133,Cabo San Lucas,MX,2021-12-02 08:07:11,22.8909,-109.9124,75.51,68,18,10.33
134,Marsh Harbour,BS,2021-12-02 08:10:58,26.5412,-77.0636,75.4,70,7,12.44
135,Chapais,CA,2021-12-02 08:10:58,49.7834,-74.8492,13.78,94,100,12.5
136,Toamasina,MG,2021-12-02 08:10:58,-18.1667,49.3833,81.25,67,77,10.51
137,Virden,US,2021-12-02 08:10:59,39.5009,-89.7679,49.68,74,59,15.05
138,Aquiraz,BR,2021-12-02 08:10:23,-3.9014,-38.3911,83.21,71,87,7.4
139,Hambantota,LK,2021-12-02 08:10:59,6.1241,81.1185,83.3,70,60,7.43
140,Coahuayana,MX,2021-12-02 08:12:00,18.7333,-103.6833,72.5,86,0,3.62
141,Ponta Do Sol,PT,2021-12-02 08:12:00,32.6667,-17.1,65.03,69,11,6.85
142,Carauari,BR,2021-12-02 08:12:01,-4.8828,-66.8958,72.99,99,100,0.81
143,Carnarvon,AU,2021-12-02 08:12:01,-24.8667,113.6333,75.11,62,0,25.93
144,Mayo,US,2021-12-02 08:12:02,38.8876,-76.5119,50.16,86,75,3.0
145,Ostrovnoy,RU,2021-12-02 08:12:02,68.0531,39.5131,28.51,63,100,32.73
146,Batagay-Alyta,RU,2021-12-02 08:12:02,67.8006,130.4114,-38.34,96,29,4.52
147,Cam Ranh,VN,2021-12-02 08:12:03,11.9214,109.1591,78.76,69,40,14.97
148,Nikolskoye,RU,2021-12-02 08:12:03,59.7035,30.7861,12.02,96,100,2.55
149,Torbay,CA,2021-12-02 08:12:03,47.6666,-52.7314,40.75,92,66,4.0
150,Laguna,US,2021-12-02 08:12:04,38.421,-121.4238,64.22,97,90,0.0
151,Nosy Varika,MG,2021-12-02 08:12:04,-20.5833,48.5333,80.53,70,51,10.29
152,Valparaiso,CL,2021-12-02 08:09:15,-33.0393,-71.6273,49.64,81,0,4.61
153,Grande Riviere Du Nord,HT,2021-12-02 08:12:05,19.5833,-72.1833,71.47,91,33,2.86
154,Jasper,US,2021-12-02 08:12:05,37.2001,-94.3502,53.46,60,1,1.99
155,Sayyan,YE,2021-12-02 08:12:06,15.1718,44.3244,61.72,22,0,2.1
156,Majene,ID,2021-12-02 08:12:06,-3.5403,118.9707,84.88,67,75,5.06
157,Tambun,ID,2021-12-02 08:12:07,-6.2641,107.0712,95.04,52,40,14.97
158,Upernavik,GL,2021-12-02 08:09:48,72.7868,-56.1549,27.09,92,100,6.55
159,East London,ZA,2021-12-02 08:12:07,-33.0153,27.9116,68.23,81,100,20.22
160,Tuktoyaktuk,CA,2021-12-02 08:12:07,69.4541,-133.0374,-12.44,97,100,9.37
161,Mahon,ES,2021-12-02 08:12:08,39.8885,4.2658,48.76,93,20,8.05
162,Cockburn Town,TC,2021-12-02 08:09:22,21.4612,-71.1419,80.46,73,0,13.82
163,Dong Hoi,VN,2021-12-02 08:12:08,17.4833,106.6,68.9,69,100,13.38
164,Portland,US,2021-12-02 08:12:09,45.5234,-122.6762,55.17,92,90,1.99
165,Snezhnogorsk,RU,2021-12-02 08:12:09,69.1933,33.2531,26.38,68,100,23.58
166,Marystown,CA,2021-12-02 08:12:09,47.1666,-55.1483,37.85,100,98,14.27
167,Fort-Shevchenko,KZ,2021-12-02 08:12:10,44.5086,50.263,46.51,61,100,11.05
168,Griffith,US,2021-12-02 08:12:10,41.5284,-87.4237,51.06,74,1,1.01
169,Jumla,NP,2021-12-02 08:12:11,29.2747,82.1838,45.7,99,100,2.55
170,Lasa,IT,2021-12-02 08:12:11,46.6166,10.7002,31.62,94,100,3.96
171,Luderitz,NA,2021-12-02 08:12:12,-26.6481,15.1594,72.95,39,0,23.02
172,Ambilobe,MG,2021-12-02 08:12:12,-13.2,49.05,94.86,33,13,10.04
173,Bengkulu,ID,2021-12-02 08:12:12,-3.8004,102.2655,84.52,66,7,11.36
174,Abu Dhabi,AE,2021-12-02 08:07:19,24.4667,54.3667,82.51,51,0,1.99
175,Bayan,CN,2021-12-02 08:12:13,46.0833,127.4,26.4,96,100,12.3
176,Inhambane,MZ,2021-12-02 08:12:13,-23.865,35.3833,83.53,57,1,11.45
177,Genhe,CN,2021-12-02 08:12:14,50.7833,121.5167,2.89,91,53,4.16
178,Andenes,NO,2021-12-02 08:12:14,69.3143,16.1194,33.78,47,20,19.57
179,Forbes,AU,2021-12-02 08:12:14,-33.3833,148.0167,88.92,38,17,3.06
180,Umm Kaddadah,SD,2021-12-02 08:12:15,13.6017,26.6876,78.66,24,0,24.47
181,Bjerkvik,NO,2021-12-02 08:12:15,68.5597,17.5189,32.2,72,100,11.81
182,Todos Santos,MX,2021-12-02 08:12:15,23.45,-110.2167,75.0,59,19,6.58
183,Haines Junction,CA,2021-12-02 08:12:16,60.7522,-137.5108,11.21,95,100,2.08
184,Mehran,IR,2021-12-02 08:12:16,33.1222,46.1646,74.68,48,18,14.74
185,Urzhum,RU,2021-12-02 08:13:16,57.1141,49.9996,27.63,87,100,12.1
186,Kenai,US,2021-12-02 08:13:17,60.5544,-151.2583,17.69,80,90,5.75
187,Alofi,NU,2021-12-02 08:13:17,-19.0595,-169.9187,78.48,81,45,13.33
188,Jutai,BR,2021-12-02 08:13:18,-5.1833,-68.9,72.5,99,100,0.51
189,Vila Franca Do Campo,PT,2021-12-02 08:09:10,37.7167,-25.4333,62.2,83,73,5.48
190,Turka,UA,2021-12-02 08:13:18,49.1541,23.0297,40.26,97,100,10.09
191,Winnemucca,US,2021-12-02 08:13:19,40.973,-117.7357,47.73,44,5,4.61
192,Divo,CI,2021-12-02 08:13:19,5.8397,-5.36,76.62,91,52,3.15
193,Arraial Do Cabo,BR,2021-12-02 08:13:19,-22.9661,-42.0278,73.06,85,24,9.66
194,Yellowknife,CA,2021-12-02 08:10:38,62.456,-114.3525,-1.44,97,94,8.01
195,Bintulu,MY,2021-12-02 08:13:20,3.1667,113.0333,84.78,68,13,6.85
196,Kajaani,FI,2021-12-02 08:13:20,64.2273,27.7285,6.85,92,75,3.44
197,Ilulissat,GL,2021-12-02 08:13:21,69.2167,-51.1,17.51,64,1,10.16
198,Otavi,NA,2021-12-02 08:13:21,-19.65,17.3333,71.76,50,100,2.44
199,Comodoro Rivadavia,AR,2021-12-02 08:13:21,-45.8667,-67.5,53.46,43,0,16.11
200,Dikson,RU,2021-12-02 08:13:22,73.5069,80.5464,-9.69,96,100,13.38
201,Maceio,BR,2021-12-02 08:13:22,-9.6658,-35.7353,76.44,88,20,4.61
202,Fort Nelson,CA,2021-12-02 08:10:52,58.8053,-122.7002,-6.21,77,90,2.3
203,Hanna,CA,2021-12-02 08:13:23,51.6334,-111.9018,32.86,91,100,17.0
204,Chimbote,PE,2021-12-02 08:13:23,-9.0853,-78.5783,63.99,92,95,4.9
205,Saint-Pierre,RE,2021-12-02 08:13:23,-21.3393,55.4781,82.04,76,75,23.02
206,Vung Tau,VN,2021-12-02 08:12:53,10.346,107.0843,79.95,71,100,6.6
207,Vallenar,CL,2021-12-02 08:13:24,-28.5708,-70.7581,62.1,58,90,1.68
208,Herrin,US,2021-12-02 08:13:24,37.8031,-89.0276,48.34,96,1,3.44
209,Bud,US,2021-12-02 08:13:25,39.447,-86.1758,50.31,96,92,10.98
210,Guerrero Negro,MX,2021-12-02 08:13:25,27.9769,-114.0611,62.69,87,41,7.65
211,Hofn,IS,2021-12-02 08:13:26,64.2539,-15.2082,37.26,99,100,22.41
212,Wau,SS,2021-12-02 08:13:26,7.7029,27.9953,90.16,37,90,1.57
213,Kahului,US,2021-12-02 08:08:31,20.8947,-156.47,76.84,83,1,0.0
214,Pevek,RU,2021-12-02 08:13:27,69.7008,170.3133,-18.96,99,42,4.99
215,Tiksi,RU,2021-12-02 08:13:27,71.6872,128.8694,-29.65,100,68,3.11
216,Hamilton,US,2021-12-02 08:09:56,39.1834,-84.5333,53.64,91,90,1.01
217,Saskylakh,RU,2021-12-02 08:12:12,71.9167,114.0833,-37.82,100,92,1.7
218,Puerto Suarez,BO,2021-12-02 08:13:28,-18.95,-57.8,75.04,82,47,1.9
219,Schwabmunchen,DE,2021-12-02 08:13:28,48.1833,10.75,39.76,84,75,10.36
220,Santa Cruz,BO,2021-12-02 08:13:29,-17.8,-63.1667,71.56,96,100,5.77
221,Esperance,AU,2021-12-02 08:13:29,-33.8667,121.9,65.48,63,28,18.79
222,Barcelos,PT,2021-12-02 08:10:19,41.5388,-8.6151,46.92,85,3,6.85
223,Thoen,TH,2021-12-02 08:13:29,17.6129,99.2161,81.55,54,88,3.33
224,Mamou,GN,2021-12-02 08:13:30,10.5,-12.0,71.87,51,92,1.3
225,Karatu,TZ,2021-12-02 08:13:30,-3.3333,35.6667,75.45,52,57,10.58
226,Nautla,MX,2021-12-02 08:13:31,20.2167,-96.7833,72.77,82,94,3.11
227,Kodiak,US,2021-12-02 08:13:31,57.79,-152.4072,18.91,58,1,29.93
228,Saldanha,ZA,2021-12-02 08:13:31,-33.0117,17.9442,62.1,68,1,21.79
229,Khuzdar,PK,2021-12-02 08:13:32,27.7384,66.6434,66.63,20,0,4.29
230,Fortuna Foothills,US,2021-12-02 08:13:32,32.6578,-114.4119,62.69,27,40,3.44
231,Solnechnyy,RU,2021-12-02 08:14:32,50.7214,136.6319,4.28,94,80,4.54
232,Kaitangata,NZ,2021-12-02 08:14:33,-46.2817,169.8464,57.99,89,100,8.16
233,Tunduma,TZ,2021-12-02 08:14:33,-9.3,32.7667,82.99,31,1,3.02
234,El Tigre,VE,2021-12-02 08:14:34,8.8875,-64.2454,72.01,92,97,10.04
235,Wynyard,AU,2021-12-02 08:14:34,-41.0,145.7167,66.97,75,98,8.97
236,Bathsheba,BB,2021-12-02 08:14:34,13.2167,-59.5167,79.41,83,75,20.71
237,Jizan,SA,2021-12-02 08:14:35,17.3333,42.6667,87.76,37,0,4.43
238,Pangody,RU,2021-12-02 08:14:35,65.85,74.4859,7.34,95,100,19.1
239,Novyy Svit,UA,2021-12-02 08:14:36,47.8059,38.0211,34.12,79,41,8.75
240,Valdivia,CL,2021-12-02 08:12:12,-39.8142,-73.2459,46.49,96,76,3.33
241,Clyde River,CA,2021-12-02 08:14:36,70.4692,-68.5914,8.83,78,100,18.41
242,Pangkalanbuun,ID,2021-12-02 08:14:37,-2.6833,111.6167,89.78,53,99,5.77
243,Lavrentiya,RU,2021-12-02 08:14:37,65.5833,-171.0,-10.95,84,0,5.01
244,Klaksvik,FO,2021-12-02 08:14:37,62.2266,-6.589,34.72,59,100,11.5
245,Havre-Saint-Pierre,CA,2021-12-02 08:14:38,50.2334,-63.5986,23.36,100,75,11.5
246,Port Alfred,ZA,2021-12-02 08:14:38,-33.5906,26.891,67.21,85,100,20.92
247,Constitucion,CL,2021-12-02 08:14:38,-35.3333,-72.4167,51.91,75,23,5.57
248,Muhos,FI,2021-12-02 08:14:39,64.808,25.9931,12.7,100,93,0.36
249,Turochak,RU,2021-12-02 08:14:39,52.2576,87.1224,30.31,64,0,2.1
250,Atambua,ID,2021-12-02 08:14:40,-9.1061,124.8925,83.95,66,59,3.94
251,Khatanga,RU,2021-12-02 08:14:40,71.9667,102.5,-41.71,100,99,2.82
252,Brownfield,US,2021-12-02 08:14:40,33.1812,-102.2744,47.7,31,74,7.58
253,Banjarmasin,ID,2021-12-02 08:14:41,-3.3244,114.591,85.64,69,74,4.83
254,Dali,CN,2021-12-02 08:14:41,25.7,100.1833,61.39,53,99,3.09
255,Camacha,PT,2021-12-02 08:14:41,33.0833,-16.3333,61.56,72,20,14.97
256,Longyearbyen,SJ,2021-12-02 08:14:42,78.2186,15.6401,19.24,86,90,2.3
257,Swinoujscie,PL,2021-12-02 08:14:42,53.9105,14.2471,37.49,96,100,30.33
258,Okha,RU,2021-12-02 08:14:43,53.5739,142.9478,19.65,84,100,40.09
259,Iralaya,HN,2021-12-02 08:14:43,15.0,-83.2333,76.51,86,18,9.8
260,Port Keats,AU,2021-12-02 08:14:43,-14.25,129.55,85.51,64,100,14.0
261,Almaznyy,RU,2021-12-02 08:14:44,48.0448,40.045,35.74,88,6,10.45
262,Mbanza-Ngungu,CD,2021-12-02 08:14:44,-5.25,14.8667,71.76,91,94,4.45
263,Mount Gambier,AU,2021-12-02 08:14:44,-37.8333,140.7667,58.95,61,4,11.61
264,Muros,ES,2021-12-02 08:14:45,42.7762,-9.0603,51.84,94,8,13.82
265,Uvinza,TZ,2021-12-02 08:14:45,-5.1036,30.3911,77.14,67,93,5.7
266,Hovd,MN,2021-12-02 08:14:46,48.0056,91.6419,24.01,41,5,2.62
267,Tasiilaq,GL,2021-12-02 08:14:46,65.6145,-37.6368,24.55,94,99,4.12
268,Port-Cartier,CA,2021-12-02 08:14:46,50.0334,-66.8654,19.71,72,25,7.83
269,Kamenka,RU,2021-12-02 08:14:47,51.3223,42.7678,30.74,62,73,13.47
270,Narsaq,GL,2021-12-02 08:14:47,60.9167,-46.05,28.26,96,100,9.17
271,Airai,TL,2021-12-02 08:14:48,-8.9266,125.4092,70.52,74,65,1.81
272,Necochea,AR,2021-12-02 08:14:48,-38.5473,-58.7368,56.03,86,30,11.86
273,Bar-Le-Duc,FR,2021-12-02 08:14:48,48.75,5.1667,41.18,88,100,13.09
274,Namibe,AO,2021-12-02 08:14:49,-15.1961,12.1522,74.14,75,79,3.56
275,The Pas,CA,2021-12-02 08:14:49,53.8251,-101.2541,5.02,85,1,4.61
276,Awjilah,LY,2021-12-02 08:14:49,29.1081,21.2869,61.05,58,49,6.71
277,Dingle,PH,2021-12-02 08:15:50,10.9995,122.6711,78.66,89,100,9.82
278,Russell,US,2021-12-02 08:15:50,32.3502,-85.1999,53.31,81,1,0.0
279,Pandan,PH,2021-12-02 08:15:51,14.0453,124.1694,78.3,82,96,18.7
280,Xam Nua,LA,2021-12-02 08:15:51,20.4197,104.0439,65.37,39,71,4.21
281,Qax,AZ,2021-12-02 08:15:51,41.4225,46.9242,47.39,45,0,9.1
282,Lompoc,US,2021-12-02 08:15:52,34.6391,-120.4579,67.51,46,100,1.32
283,Tual,ID,2021-12-02 08:15:52,-5.6667,132.75,79.75,81,100,5.28
284,Palmer,US,2021-12-02 08:15:53,42.1584,-72.3287,40.68,80,90,0.0
285,Plainview,US,2021-12-02 08:15:53,40.7765,-73.4673,49.75,76,90,1.01
286,Severo-Kurilsk,RU,2021-12-02 08:15:54,50.6789,156.125,35.67,78,67,23.91
287,New Amsterdam,GY,2021-12-02 08:15:54,6.25,-57.5167,73.0,97,58,2.82
288,Ulaangom,MN,2021-12-02 08:11:49,49.9811,92.0667,14.23,83,70,1.52
289,Arman,RU,2021-12-02 08:15:54,59.7,150.1667,-0.9,98,100,19.86
290,Salalah,OM,2021-12-02 08:14:09,17.0151,54.0924,81.55,43,0,8.88
291,Montabaur,DE,2021-12-02 08:15:55,50.4333,7.8333,38.39,99,100,5.46
292,Batagay,RU,2021-12-02 08:15:55,67.6333,134.6333,-47.38,100,89,1.32
293,Porto Novo,BJ,2021-12-02 08:15:56,6.4965,2.6036,82.22,74,100,4.27
294,Meridian,US,2021-12-02 08:15:02,43.6121,-116.3915,48.04,94,1,0.0
295,Port Lincoln,AU,2021-12-02 08:15:56,-34.7333,135.8667,61.61,59,0,17.4
296,Peniche,PT,2021-12-02 08:15:57,39.3558,-9.3811,53.62,74,88,27.83
297,Evensk,RU,2021-12-02 08:15:57,61.95,159.2333,8.69,89,100,40.76
298,Sinnamary,GF,2021-12-02 08:15:57,5.3833,-52.95,77.41,88,100,11.01
299,Kloulklubed,PW,2021-12-02 08:15:58,7.0419,134.2556,84.7,79,53,19.55
300,Vaitape,PF,2021-12-02 08:15:58,-16.5167,-151.75,80.26,74,100,16.67
301,Beisfjord,NO,2021-12-02 08:15:59,68.3751,17.5988,34.25,81,100,10.45
302,Ballina,AU,2021-12-02 08:15:59,-28.8667,153.5667,78.98,90,36,15.35
303,Srednekolymsk,RU,2021-12-02 08:15:59,67.45,153.6833,-30.08,99,100,9.78
304,Galveston,US,2021-12-02 08:16:00,29.3669,-94.9669,66.94,93,90,0.0
305,Kokopo,PG,2021-12-02 08:16:00,-4.352,152.2633,79.86,84,100,5.55
306,Jiazi,CN,2021-12-02 08:14:26,22.8779,116.067,67.26,32,0,6.26
307,La Libertad,EC,2021-12-02 08:16:01,-2.2333,-80.9,70.52,83,100,8.23
308,Ahuimanu,US,2021-12-02 08:16:01,21.4447,-157.8378,75.85,78,20,13.8
309,Marck,FR,2021-12-02 08:16:02,50.949,1.9433,41.04,66,66,24.85
310,Lichuan,CN,2021-12-02 08:16:02,30.3,108.85,49.24,50,9,6.02
311,Parana,AR,2021-12-02 08:16:02,-31.732,-60.5238,65.57,79,0,8.68
312,Kattivakkam,IN,2021-12-02 08:16:03,13.2167,80.3167,87.89,69,40,13.53
313,Camopi,GF,2021-12-02 08:16:03,3.1655,-52.3158,72.21,100,100,1.54
314,Port Macquarie,AU,2021-12-02 08:16:04,-31.4333,152.9167,71.89,84,38,8.23
315,Dajal,PK,2021-12-02 08:16:04,29.5577,70.3762,79.34,16,0,2.71
316,Castro,BR,2021-12-02 08:16:04,-24.7911,-50.0119,62.69,83,97,7.78
317,Grand-Lahou,CI,2021-12-02 08:16:05,5.1367,-5.0242,81.55,80,50,6.71
318,Singapore,SG,2021-12-02 08:13:39,1.2897,103.8501,80.55,79,75,5.75
319,Lata,PT,2021-12-02 08:16:05,40.1629,-8.3327,50.81,95,47,4.99
320,Timmins,CA,2021-12-02 08:16:06,48.4669,-81.3331,31.82,100,90,11.5
321,Bela,IN,2021-12-02 08:16:06,25.9333,81.9833,78.12,31,100,3.98
322,Manavalakurichi,IN,2021-12-02 08:16:07,8.1333,77.3,86.09,66,100,4.45
323,Rey Bouba,CM,2021-12-02 08:16:07,8.6724,14.1786,86.27,18,65,3.44
324,Podgornoye,RU,2021-12-02 08:17:07,51.735,39.1496,26.82,68,75,8.95
325,Hualmay,PE,2021-12-02 08:17:08,-11.0964,-77.6139,64.94,90,100,5.59
326,Saint Anthony,US,2021-12-02 08:15:27,45.0205,-93.218,50.14,63,1,4.0
327,Kaeo,NZ,2021-12-02 08:17:08,-35.1,173.7833,66.33,87,98,6.46
328,Aku,NG,2021-12-02 08:17:09,6.7081,7.3167,78.37,80,100,5.57
329,Aksu,CN,2021-12-02 08:17:09,41.1231,80.2644,35.83,31,0,1.63
330,Simi Valley,US,2021-12-02 08:16:06,34.2695,-118.7815,71.8,33,36,2.82
331,Valle Hermoso,MX,2021-12-02 08:17:10,25.6667,-97.8333,66.99,89,100,4.63
332,Charters Towers,AU,2021-12-02 08:17:10,-20.1,146.2667,94.14,25,49,11.7
333,Vila Velha,BR,2021-12-02 08:17:11,-20.3297,-40.2925,75.15,94,40,6.91
334,Vostok,RU,2021-12-02 08:17:11,46.4856,135.8833,4.77,96,80,5.39
335,Goderich,CA,2021-12-02 08:17:12,43.7501,-81.7165,44.91,87,100,17.27
336,Huarmey,PE,2021-12-02 08:17:12,-10.0681,-78.1522,65.75,88,100,5.55
337,Meulaboh,ID,2021-12-02 08:17:12,4.1363,96.1285,81.64,79,92,7.74
338,Saint-Raymond,CA,2021-12-02 08:17:13,45.467,-73.6095,34.14,76,75,3.44
339,Alta Floresta,BR,2021-12-02 08:17:13,-9.8756,-56.0861,69.71,99,100,0.94
340,Vestmannaeyjar,IS,2021-12-02 08:17:13,63.4427,-20.2734,38.39,93,90,19.57
341,Barth,DE,2021-12-02 08:17:14,54.3635,12.7249,37.09,72,100,25.72
342,Salinopolis,BR,2021-12-02 08:17:14,-0.6136,-47.3561,78.91,83,94,7.67
343,Xiuyan,CN,2021-12-02 08:17:15,40.2928,123.2744,36.09,65,19,9.17
344,Nhulunbuy,AU,2021-12-02 08:17:15,-12.2333,136.7667,79.41,89,100,3.44
345,Qaqortoq,GL,2021-12-02 08:17:15,60.7167,-46.0333,28.89,97,100,7.47
346,Kolpashevo,RU,2021-12-02 08:17:16,58.3131,82.9089,26.71,78,100,12.37
347,Atar,MR,2021-12-02 08:17:16,20.5169,-13.0499,68.41,16,100,10.87
348,Kurbnesh,AL,2021-12-02 08:17:16,41.7797,20.0836,43.43,93,100,4.81
349,Roma,US,2021-12-02 08:17:17,43.2128,-75.4557,41.43,95,90,8.05
350,Mehamn,NO,2021-12-02 08:17:17,71.0357,27.8492,33.98,69,100,22.55
351,Macheng,CN,2021-12-02 08:17:18,31.1783,115.0319,57.43,23,0,8.03
352,Dwarka,IN,2021-12-02 08:17:18,22.2394,68.9678,77.74,58,0,11.5
353,Yantal,RU,2021-12-02 08:17:18,56.8471,105.2542,16.41,95,100,4.16
354,Victoria,HK,2021-12-02 08:17:05,22.2855,114.1577,71.04,30,5,1.01
355,Itoman,JP,2021-12-02 08:17:19,26.1247,127.6694,63.37,88,75,11.5
356,Bellevue,US,2021-12-02 08:13:53,47.6104,-122.2007,55.15,90,90,1.01
357,Lima,PE,2021-12-02 08:17:20,-12.0432,-77.0282,65.89,83,90,9.22
358,Grindavik,IS,2021-12-02 08:17:20,63.8424,-22.4338,39.67,81,75,20.71
359,Pocoes,BR,2021-12-02 08:17:20,-14.5297,-40.3653,66.25,99,100,2.82
360,Sibolga,ID,2021-12-02 08:17:21,1.7427,98.7792,82.51,74,100,3.24
361,Ilo,PE,2021-12-02 08:17:21,-17.6394,-71.3375,65.37,79,100,6.38
362,Aksarka,RU,2021-12-02 08:17:21,66.5606,67.7975,0.64,96,100,19.08
363,Manaure,CO,2021-12-02 08:17:22,11.7751,-72.4445,77.92,86,91,6.29
364,Poltavka,RU,2021-12-02 08:17:22,54.3663,71.7632,32.85,79,100,16.4
365,Veinticinco De Mayo,AR,2021-12-02 08:17:23,-35.4323,-60.1727,57.97,91,0,4.0
366,Victor Harbor,AU,2021-12-02 08:17:23,-35.5667,138.6167,69.91,64,1,1.99
367,Sioux Lookout,CA,2021-12-02 08:17:23,50.1001,-91.917,26.98,93,90,8.05
368,San Quintin,MX,2021-12-02 08:17:24,30.4833,-115.95,59.77,82,0,4.99
369,Homer,US,2021-12-02 08:17:24,59.6425,-151.5483,19.29,81,90,16.11
370,San Patricio,US,2021-12-02 08:17:25,28.017,-97.5169,69.66,93,73,5.59
371,Moron,AR,2021-12-02 08:18:25,-34.6534,-58.6198,64.15,80,0,4.92
372,Port Hardy,CA,2021-12-02 08:18:25,50.6996,-127.4199,41.0,87,90,6.91
373,Tucumcari,US,2021-12-02 08:14:02,35.1717,-103.725,40.84,36,1,10.36
374,Miandrivazo,MG,2021-12-02 08:18:26,-19.5167,45.4667,94.05,36,7,3.65
375,Aklavik,CA,2021-12-02 08:18:26,68.2191,-135.0107,-13.97,95,100,16.42
376,Zyryanovsk,KZ,2021-12-02 08:18:27,49.7386,84.2719,11.71,87,5,1.19
377,Suntar,RU,2021-12-02 08:18:27,62.1444,117.6319,-12.96,96,100,3.36
378,Berlevag,NO,2021-12-02 08:18:27,70.8578,29.0864,30.15,74,40,28.77
379,Caxito,AO,2021-12-02 08:18:28,-8.5785,13.6643,83.05,77,96,3.53
380,Tukrah,LY,2021-12-02 08:18:28,32.5341,20.5791,62.35,69,93,14.58
381,Los Llanos De Aridane,ES,2021-12-02 08:18:28,28.6585,-17.9182,64.15,77,75,4.0
382,Slave Lake,CA,2021-12-02 08:15:27,55.2834,-114.769,22.98,86,75,8.05
383,Kulhudhuffushi,MV,2021-12-02 08:18:29,6.6221,73.07,81.9,76,47,5.79
384,Gamba,GA,2021-12-02 08:18:29,-2.65,10.0,81.43,73,97,2.48
385,Kiama,AU,2021-12-02 08:18:30,-34.6833,150.8667,75.99,80,23,8.01
386,Kentville,CA,2021-12-02 08:18:30,45.0835,-64.4988,32.72,94,91,0.0
387,Sur,OM,2021-12-02 08:18:30,22.5667,59.5289,79.84,43,0,7.38
388,Oum Hadjer,TD,2021-12-02 08:18:31,13.2954,19.6966,81.79,20,0,15.73
389,La Palma,US,2021-12-02 08:18:31,33.8464,-118.0467,70.34,98,90,0.0
390,Vao,NC,2021-12-02 08:18:32,-22.6667,167.4833,76.17,83,100,17.05
391,Orizatlan,MX,2021-12-02 08:18:32,21.1833,-98.6167,65.53,90,77,2.42
392,Koriyama,JP,2021-12-02 08:18:33,37.4,140.3833,43.38,75,20,6.91
393,Komsomolets,KZ,2021-12-02 08:18:33,53.7453,62.0708,35.83,95,100,10.56
394,Yerbogachen,RU,2021-12-02 08:18:33,61.2767,108.0108,-20.6,98,26,2.55
395,Altamira,BR,2021-12-02 08:18:34,-3.2033,-52.2064,72.19,91,95,1.83
396,Yulara,AU,2021-12-02 08:18:34,-25.2406,130.9889,102.04,8,40,8.05
397,Ossora,RU,2021-12-02 08:18:35,59.2353,163.0719,35.67,97,100,22.84
398,Nioro,GM,2021-12-02 08:18:35,13.35,-15.75,73.36,23,95,6.58
399,Souillac,MU,2021-12-02 08:18:35,-20.5167,57.5167,84.58,65,40,13.8
400,Lake Havasu City,US,2021-12-02 08:15:15,34.4839,-114.3224,63.23,17,40,0.0
401,El Cobre,CU,2021-12-02 08:18:36,20.0489,-75.9469,69.31,93,15,4.03
402,Khingansk,RU,2021-12-02 08:18:36,49.1167,131.1833,6.08,97,100,2.17
403,Placerville,US,2021-12-02 08:18:37,38.7296,-120.7986,67.33,46,1,5.75
404,Yellandu,IN,2021-12-02 08:17:09,17.6,80.3333,81.52,48,54,2.55
405,El Oro,MX,2021-12-02 08:18:37,26.8667,-105.85,51.89,66,92,3.51
406,Robertsport,LR,2021-12-02 08:18:38,6.7533,-11.3686,79.2,84,51,6.02
407,Amahai,ID,2021-12-02 08:18:38,-3.3333,128.9167,76.21,90,100,2.57
408,Duekoue,CI,2021-12-02 08:18:39,6.7472,-7.3496,76.89,83,90,2.39
409,Kruisfontein,ZA,2021-12-02 08:18:39,-34.0033,24.7314,66.88,67,100,16.17
410,Rio Grande,BR,2021-12-02 08:18:39,-32.035,-52.0986,55.94,67,95,8.63
411,Tazovskiy,RU,2021-12-02 08:16:28,67.4667,78.7,-4.0,94,100,20.0
412,Davila,PH,2021-12-02 08:18:40,18.4726,120.5763,75.15,72,33,25.55
413,Sitka,US,2021-12-02 08:18:40,57.0531,-135.33,35.49,69,90,12.66
414,Kutum,SD,2021-12-02 08:18:41,14.2,24.6667,71.24,26,0,14.16
415,Zhanakorgan,KZ,2021-12-02 08:18:41,43.9098,67.2495,64.87,19,98,21.21
416,Hasaki,JP,2021-12-02 08:18:41,35.7333,140.8333,48.49,40,0,10.22
417,Kavaratti,IN,2021-12-02 08:19:42,10.5669,72.642,81.28,79,24,9.82
418,Erzin,TR,2021-12-02 08:19:42,36.9559,36.2,59.52,35,0,5.73
419,Solton,RU,2021-12-02 08:19:43,52.8429,86.4787,24.89,84,2,0.58
420,Kriel,ZA,2021-12-02 08:19:43,-26.2739,29.2253,72.81,43,85,11.18
421,Wattegama,LK,2021-12-02 08:19:43,6.7989,81.4808,89.53,46,86,3.18
422,Sakaiminato,JP,2021-12-02 08:19:44,35.55,133.2333,48.18,57,20,14.97
423,Caravelas,BR,2021-12-02 08:19:44,-17.7125,-39.2481,72.25,95,37,6.06
424,Chany,RU,2021-12-02 08:19:44,55.3121,76.7647,24.8,78,100,14.45
425,Velikiy Ustyug,RU,2021-12-02 08:19:45,60.7644,46.3106,20.52,92,99,8.99
426,Rocha,UY,2021-12-02 08:19:45,-34.4833,-54.3333,52.3,92,16,1.23
427,Port Antonio,JM,2021-12-02 08:19:46,18.18,-76.4612,78.71,82,69,6.58
428,Puerto Baquerizo Moreno,EC,2021-12-02 08:19:46,-0.9,-89.6,67.8,86,7,10.78
429,Portmore,JM,2021-12-02 08:19:46,17.9702,-76.8672,78.76,86,20,5.75
430,Jackson,US,2021-12-02 08:14:57,42.4165,-122.8345,60.04,100,90,3.44
431,Yendi,GH,2021-12-02 08:19:47,9.4427,-0.0099,82.0,23,99,2.15
432,Karratha,AU,2021-12-02 08:19:47,-20.7377,116.8463,96.33,30,5,23.96
433,Fuxin,CN,2021-12-02 08:19:48,42.0156,121.6589,30.83,73,95,7.2
434,Flin Flon,CA,2021-12-02 08:19:48,54.7682,-101.865,3.47,95,97,2.48
435,Bahia Blanca,AR,2021-12-02 08:19:48,-38.7196,-62.2724,66.97,57,52,11.88
436,Yeppoon,AU,2021-12-02 08:19:49,-23.1333,150.7333,83.98,79,50,8.28
437,Hobyo,SO,2021-12-02 08:19:49,5.3505,48.5268,82.17,56,100,18.86
438,Salvador,SV,2021-12-02 08:19:50,13.8333,-88.9167,68.4,90,73,3.98
439,Bastia,FR,2021-12-02 08:19:50,42.6667,9.3333,54.3,76,90,5.75
440,Baghdad,IQ,2021-12-02 08:19:50,33.3406,44.4009,64.31,59,0,13.8
441,Otradnoye,RU,2021-12-02 08:19:51,59.7775,30.8181,12.18,96,100,2.53
442,Labuhan,ID,2021-12-02 08:19:51,-6.8844,112.2051,86.07,69,100,6.62
443,Khandyga,RU,2021-12-02 08:19:51,62.6667,135.6,-37.3,99,13,0.51
444,Anadyr,RU,2021-12-02 08:19:52,64.75,177.4833,-1.7,84,75,6.71
445,Ushtobe,KZ,2021-12-02 08:19:52,45.2514,77.9838,49.12,30,1,0.85
446,Jawhar,SO,2021-12-02 08:19:53,2.7809,45.5005,88.2,42,62,12.06
447,Bundaberg,AU,2021-12-02 08:19:53,-24.85,152.35,79.21,84,75,5.01
448,Santa Vitoria Do Palmar,BR,2021-12-02 08:19:53,-33.5189,-53.3681,60.69,75,85,4.81
449,Den Helder,NL,2021-12-02 08:19:07,52.9599,4.7593,40.98,85,75,10.0
450,Nyagan,RU,2021-12-02 08:19:54,62.1406,65.3936,29.86,98,100,8.57
451,Illapel,CL,2021-12-02 08:19:54,-31.6308,-71.1653,59.5,69,0,1.41
452,Dzilam Gonzalez,MX,2021-12-02 08:19:55,21.2833,-88.9333,70.77,95,27,4.68
453,Changping,CN,2021-12-02 08:19:55,40.2186,116.2197,53.24,27,4,9.13
454,Aswan,EG,2021-12-02 08:19:55,24.0934,32.907,71.85,37,5,15.48
455,Thinadhoo,MV,2021-12-02 08:19:56,0.5333,72.9333,82.35,75,4,9.73
456,Sao Gabriel Da Cachoeira,BR,2021-12-02 08:19:56,-0.1303,-67.0892,71.92,100,100,1.34
457,Port Hueneme,US,2021-12-02 08:19:57,34.1478,-119.1951,66.61,96,90,0.0
458,Nurota,UZ,2021-12-02 08:19:57,40.5614,65.6886,73.49,13,100,25.21
459,Coihaique,CL,2021-12-02 08:19:57,-45.5752,-72.0662,39.81,81,20,3.44
460,Dzaoudzi,YT,2021-12-02 08:19:58,-12.7887,45.2699,85.89,66,0,6.91
461,Yaan,NG,2021-12-02 08:19:58,7.3833,8.5667,82.31,64,63,7.0
462,Nishihara,JP,2021-12-02 08:19:58,26.1842,127.7558,62.65,88,75,6.91
463,Calama,CL,2021-12-02 08:19:59,-22.4667,-68.9333,50.23,35,69,4.5
464,Zdvinsk,RU,2021-12-02 08:19:59,54.7021,78.661,21.79,81,68,10.87
465,Vanimo,PG,2021-12-02 08:20:59,-2.6741,141.3028,81.3,81,100,3.0
466,Samarai,PG,2021-12-02 08:21:00,-10.6167,150.6667,84.2,79,98,8.61
467,Krk,HR,2021-12-02 08:21:00,45.0258,14.5731,57.87,84,100,24.7
468,Half Moon Bay,US,2021-12-02 08:16:30,37.4636,-122.4286,66.61,69,1,0.0
469,Okhotsk,RU,2021-12-02 08:21:01,59.3833,143.3,5.81,82,100,27.83
470,Tecoanapa,MX,2021-12-02 08:21:01,16.5167,-98.75,75.27,82,0,4.05
471,Shubarshi,KZ,2021-12-02 08:21:02,48.5872,57.1869,35.37,74,100,14.05
472,Seguin,US,2021-12-02 08:17:06,29.5688,-97.9647,62.85,95,1,4.61
473,Riberalta,BO,2021-12-02 08:21:02,-10.9833,-66.1,73.51,87,100,2.21
474,Ucluelet,CA,2021-12-02 08:21:03,48.9329,-125.5528,49.08,93,100,1.99
475,Ixtapa,MX,2021-12-02 08:21:03,20.7,-105.2,72.23,91,49,3.69
476,Chara,RU,2021-12-02 08:21:03,56.9064,118.2631,-5.19,82,54,3.67
477,Garissa,KE,2021-12-02 08:21:04,-0.4536,39.6401,86.68,51,95,9.15
478,Zaykovo,RU,2021-12-02 08:21:04,57.5613,62.7568,36.64,91,100,7.99
479,Mikhaylovskoye,RU,2021-12-02 08:21:04,51.8239,79.7172,31.73,65,0,11.3
480,Inta,RU,2021-12-02 08:21:05,66.0317,60.1659,13.17,95,100,5.7
481,Avera,US,2021-12-02 08:21:05,33.194,-82.5271,53.71,53,0,7.09
482,Sulangan,PH,2021-12-02 08:21:05,11.1373,123.7228,82.13,78,100,24.67
483,Olhao,PT,2021-12-02 08:21:06,37.0286,-7.8411,53.49,94,75,3.44
484,Bristol,US,2021-12-02 08:20:36,41.8334,-71.1662,44.44,80,90,5.75
485,Carballo,ES,2021-12-02 08:21:07,43.213,-8.691,51.87,86,46,9.8
486,Vitim,RU,2021-12-02 08:21:07,59.4511,112.5578,-2.04,95,100,6.64
487,Zyryanka,RU,2021-12-02 08:21:07,65.75,150.85,-29.36,98,100,15.52
488,Umm Lajj,SA,2021-12-02 08:21:08,25.0213,37.2685,78.48,48,0,13.65
489,Huilong,CN,2021-12-02 08:21:08,31.8111,121.655,53.04,29,0,11.43
490,Smolenka,RU,2021-12-02 08:21:08,52.1352,113.4974,19.47,42,8,13.42
491,Newport,GB,2021-12-02 08:21:09,51.5877,-2.9984,42.46,81,91,16.84
492,Shenjiamen,CN,2021-12-02 08:21:09,29.9576,122.298,49.55,51,0,11.07
493,Zwedru,LR,2021-12-02 08:21:10,6.0667,-8.1281,76.5,86,93,2.13
494,Marsa Matruh,EG,2021-12-02 08:21:10,31.3525,27.2453,66.4,59,40,13.8
495,Honiara,SB,2021-12-02 08:21:10,-9.4333,159.95,80.35,82,95,1.9
496,Kirakira,SB,2021-12-02 08:21:11,-10.4544,161.9205,80.8,80,55,3.2
497,Tornio,FI,2021-12-02 08:21:12,65.8481,24.1466,21.22,95,100,5.26
498,Plouzane,FR,2021-12-02 08:21:12,48.3833,-4.6167,44.62,90,75,8.05
499,Jinji,CN,2021-12-02 08:21:12,23.2281,110.8261,69.42,25,9,2.95
500,Namatanai,PG,2021-12-02 08:21:13,-3.6667,152.4333,81.93,77,99,6.73
501,Chicla,PE,2021-12-02 08:21:13,-11.705,-76.2686,41.79,92,100,1.77
502,Oran,DZ,2021-12-02 08:21:14,35.6911,-0.6417,57.13,82,75,13.8
503,Zelenogorskiy,RU,2021-12-02 08:21:14,55.0333,87.0,19.92,85,100,3.83
504,North Bend,US,2021-12-02 08:21:14,43.4065,-124.2243,51.93,97,90,3.44
505,Nantucket,US,2021-12-02 08:21:15,41.2835,-70.0995,48.31,78,90,6.91
506,Shache,CN,2021-12-02 08:21:15,38.4167,77.2406,40.42,22,0,4.03
507,Svencionys,LT,2021-12-02 08:21:16,55.15,26.1667,35.33,100,100,11.81
508,Bubaque,GW,2021-12-02 08:21:16,11.2833,-15.8333,80.92,61,72,8.21
509,Riverton,US,2021-12-02 08:21:16,40.5219,-111.9391,48.79,69,1,0.0
510,Dubrovnik,HR,2021-12-02 08:18:30,42.6481,18.0922,56.84,76,75,16.11
511,Iquitos,PE,2021-12-02 08:22:17,-3.7481,-73.2472,77.04,88,75,4.61
512,Viedma,AR,2021-12-02 08:22:17,-40.8135,-62.9967,63.46,57,95,16.87
513,Inongo,CD,2021-12-02 08:22:18,-1.95,18.2667,72.66,93,99,2.42
514,Naze,JP,2021-12-02 08:22:18,28.3667,129.4833,54.52,65,39,10.98
515,Neryungri,RU,2021-12-02 08:22:18,56.6709,124.6491,-5.31,90,100,14.09
516,Chagoda,RU,2021-12-02 08:22:19,59.164,35.3285,14.94,95,93,5.79
517,Araouane,ML,2021-12-02 08:22:19,18.9048,-3.5265,71.04,22,30,7.83
518,Olafsvik,IS,2021-12-02 08:22:20,64.8945,-23.7142,39.6,85,100,19.44
519,Mnogovershinnyy,RU,2021-12-02 08:22:20,53.9353,139.9242,10.2,81,100,21.63
520,Sao Jose Da Coroa Grande,BR,2021-12-02 08:22:21,-8.8978,-35.1478,77.68,81,85,8.39
521,Novovasylivka,UA,2021-12-02 08:22:21,46.8315,35.7536,40.71,68,35,10.33
522,Touros,BR,2021-12-02 08:19:06,-5.1989,-35.4608,77.9,76,100,9.66
523,Komarikhinskiy,RU,2021-12-02 08:22:22,58.0979,57.1163,29.39,86,100,7.78
524,Asau,RO,2021-12-02 08:22:22,46.4333,26.4,43.95,56,100,6.71
525,Maseru,LS,2021-12-02 08:17:59,-29.3167,27.4833,70.74,52,75,11.5
526,Kozhva,RU,2021-12-02 08:22:23,65.1073,57.0459,16.32,95,100,4.56
527,Koutiala,ML,2021-12-02 08:22:23,12.3917,-5.4642,78.73,18,20,7.36
528,Gillette,US,2021-12-02 08:19:23,44.2911,-105.5022,55.24,43,1,1.99
529,Fomboni,KM,2021-12-02 08:22:23,-12.28,43.7425,81.12,73,52,7.38
530,Asfi,MA,2021-12-02 08:22:24,32.2994,-9.2372,57.69,70,9,5.61
531,Valentin Gomez Farias,MX,2021-12-02 08:22:24,28.2167,-106.5833,54.43,69,57,3.36
532,Leon,MX,2021-12-02 08:19:33,21.1167,-101.6667,56.48,60,1,4.18
533,Santa Ines,BR,2021-12-02 08:22:25,-3.6667,-45.38,73.45,95,99,2.15
534,Hellin,ES,2021-12-02 08:22:25,38.5106,-1.701,46.15,70,100,15.99
535,Ekibastuz,KZ,2021-12-02 08:22:26,51.6667,75.3667,35.02,69,96,13.29
536,Winneba,GH,2021-12-02 08:22:26,5.3511,-0.6231,81.39,79,78,4.38
537,Havelock,US,2021-12-02 08:22:27,34.8791,-76.9013,60.75,88,99,1.99
538,Gazimurskiy Zavod,RU,2021-12-02 08:22:27,51.5461,118.3266,9.88,73,42,7.85
539,Port Hedland,AU,2021-12-02 08:22:27,-20.3167,118.5667,100.45,27,39,23.02
540,Brisbane,AU,2021-12-02 08:21:48,-27.4679,153.0281,80.49,71,40,3.0
541,Oarai,JP,2021-12-02 08:22:28,36.3167,140.6,48.54,43,0,8.77
542,Isangel,VU,2021-12-02 08:22:28,-19.55,169.2667,78.37,79,100,10.89
543,Toora-Khem,RU,2021-12-02 08:21:17,52.4675,96.11,15.73,80,100,1.01
544,Nalut,LY,2021-12-02 08:22:29,30.3333,10.85,53.91,30,3,10.85
545,Hutchinson,US,2021-12-02 08:22:29,38.0608,-97.9298,51.35,56,1,4.61
546,Ponta Delgada,PT,2021-12-02 08:22:30,37.7333,-25.6667,63.5,88,40,4.61
547,Escanaba,US,2021-12-02 08:22:30,45.7453,-87.0646,44.2,91,1,11.5
548,The Valley,AI,2021-12-02 08:21:12,18.217,-63.0578,80.46,72,77,21.34
549,Santa Isabel Do Rio Negro,BR,2021-12-02 08:22:31,-0.4139,-65.0192,72.36,100,100,1.99
550,Mandalgovi,MN,2021-12-02 08:22:31,45.7625,106.2708,29.17,23,6,8.57
551,Ishinomaki,JP,2021-12-02 08:22:31,38.4167,141.3,44.6,63,6,14.97
552,Urucara,BR,2021-12-02 08:22:32,-2.5364,-57.76,74.34,97,94,2.35
553,Ahipara,NZ,2021-12-02 08:22:32,-35.1667,173.1667,64.33,84,97,5.08
554,Gizo,SB,2021-12-02 08:23:33,-8.103,156.8419,84.43,70,74,2.73
555,Missoula,US,2021-12-02 08:23:33,47.0166,-113.8009,50.4,80,100,8.79
556,Pitimbu,BR,2021-12-02 08:23:33,-7.4706,-34.8086,77.59,77,99,8.57
557,Yar-Sale,RU,2021-12-02 08:23:34,66.8333,70.8333,3.29,96,100,14.67
558,Cap Malheureux,MU,2021-12-02 08:23:34,-19.9842,57.6142,84.69,64,4,11.99
559,Torbat-E Jam,IR,2021-12-02 08:23:34,35.244,60.6225,67.46,23,100,21.61
560,Talara,PE,2021-12-02 08:23:35,-4.5772,-81.2719,66.07,84,43,9.89
561,Norman Wells,CA,2021-12-02 08:23:35,65.282,-126.8329,-18.36,69,75,17.27
562,La Asuncion,VE,2021-12-02 08:23:35,11.0333,-63.8628,80.33,94,100,9.22
563,Talnakh,RU,2021-12-02 08:23:36,69.4865,88.3972,-21.08,97,80,5.41
564,High Rock,BS,2021-12-02 08:23:36,26.6208,-78.2833,64.42,71,1,10.78
565,Guadalupe,MX,2021-12-02 08:23:37,25.6833,-100.25,76.39,85,90,0.0
566,Cuamba,MZ,2021-12-02 08:23:37,-14.8031,36.5372,87.37,47,10,7.92
567,Stupino,RU,2021-12-02 08:18:46,54.9008,38.0708,22.75,86,61,9.89
568,Oranjestad,AW,2021-12-02 08:19:06,12.524,-70.027,78.75,89,40,11.5
