City_ID,City,Country,Date,Lat,Lng,Max Temp,Humidity,Cloudiness,Wind Speed,Current Description
0,Carauari,BR,2021-12-04 17:55:02,-4.8828,-66.8958,90.59,53,73,2.62,broken clouds
1,Vaini,TO,2021-12-04 17:55:03,-21.2,-175.2,78.96,94,40,8.05,moderate rain
2,Avarua,CK,2021-12-04 17:55:03,-21.2078,-159.775,75.25,94,100,3.44,overcast clouds
3,Hare Bay,CA,2021-12-04 17:55:04,48.8499,-54.0148,29.55,49,62,17.67,broken clouds
4,Ushuaia,AR,2021-12-04 17:55:04,-54.8,-68.3,62.26,27,75,13.8,broken clouds
5,Ponta Do Sol,PT,2021-12-04 17:55:05,32.6667,-17.1,66.13,59,84,10.04,broken clouds
6,Port Hardy,CA,2021-12-04 17:55:05,50.6996,-127.4199,37.76,100,75,3.44,light intensity shower rain
7,Olafsvik,IS,2021-12-04 17:55:06,64.8945,-23.7142,35.01,78,75,6.17,broken clouds
8,Solnechnyy,RU,2021-12-04 17:55:06,50.7214,136.6319,-5.17,91,43,6.93,scattered clouds
9,Port Lincoln,AU,2021-12-04 17:52:05,-34.7333,135.8667,57.27,81,71,12.59,broken clouds
10,Rikitea,PF,2021-12-04 17:55:07,-23.1203,-134.9692,75.54,73,60,12.39,broken clouds
11,Petropavlovsk-Kamchatskiy,RU,2021-12-04 17:55:07,53.0452,158.6483,28.99,100,75,0.0,light shower snow
12,Datong,CN,2021-12-04 17:53:11,40.0936,113.2914,28.87,36,0,3.96,clear sky
13,Albany,US,2021-12-04 17:55:08,42.6001,-73.9662,40.8,67,88,1.01,overcast clouds
14,Airai,TL,2021-12-04 17:55:08,-8.9266,125.4092,62.06,93,100,1.88,overcast clouds
15,Atherton,GB,2021-12-04 17:55:09,53.5237,-2.4935,43.43,86,100,20.0,moderate rain
16,Agadez,NE,2021-12-04 17:53:41,19.75,10.25,70.03,17,11,10.18,few clouds
17,Botucatu,BR,2021-12-04 17:55:09,-22.8858,-48.445,84.87,33,12,1.97,few clouds
18,Kudahuvadhoo,MV,2021-12-04 17:55:10,2.6708,72.8944,82.47,77,24,12.5,few clouds
19,Uige,AO,2021-12-04 17:55:10,-7.6087,15.0613,69.42,97,97,3.8,light rain
20,Sitka,US,2021-12-04 17:55:11,57.0531,-135.33,28.98,78,15,0.69,few clouds
21,Umm Kaddadah,SD,2021-12-04 17:55:11,13.6017,26.6876,79.65,20,0,10.54,clear sky
22,Ketchikan,US,2021-12-04 17:55:12,55.3422,-131.6461,29.12,90,41,4.56,scattered clouds
23,Tilichiki,RU,2021-12-04 17:55:12,60.4667,166.1,18.91,95,100,9.73,light snow
24,Butaritari,KI,2021-12-04 17:55:13,3.0707,172.7902,82.62,77,33,16.35,scattered clouds
25,Karratha,AU,2021-12-04 17:55:13,-20.7377,116.8463,88.12,29,20,15.73,few clouds
26,Punta Arenas,CL,2021-12-04 17:52:27,-53.15,-70.9167,55.51,67,75,19.57,broken clouds
27,Bethel,US,2021-12-04 17:55:14,41.3712,-73.414,47.73,59,26,1.99,scattered clouds
28,Oyotun,PE,2021-12-04 17:55:14,-6.8519,-79.3036,71.19,47,84,9.73,broken clouds
29,Wajima,JP,2021-12-04 17:55:14,37.4,136.9,40.23,69,98,11.05,overcast clouds
30,Norman Wells,CA,2021-12-04 17:55:15,65.282,-126.8329,-39.96,67,20,2.3,few clouds
31,Isangel,VU,2021-12-04 17:55:15,-19.55,169.2667,77.59,85,92,9.51,overcast clouds
32,Severo-Kurilsk,RU,2021-12-04 17:55:16,50.6789,156.125,33.08,75,89,30.96,light snow
33,Mahebourg,MU,2021-12-04 17:55:16,-20.4081,57.7,79.25,83,20,6.91,few clouds
34,Klaksvik,FO,2021-12-04 17:55:17,62.2266,-6.589,36.52,56,100,18.77,overcast clouds
35,Tuktoyaktuk,CA,2021-12-04 17:55:17,69.4541,-133.0374,-23.8,76,1,5.75,clear sky
36,Castro,BR,2021-12-04 17:55:18,-24.7911,-50.0119,81.39,37,4,5.3,clear sky
37,Setermoen,NO,2021-12-04 17:55:18,68.861,18.3486,-9.44,92,23,9.17,few clouds
38,Chuy,UY,2021-12-04 17:55:19,-33.6971,-53.4616,71.33,65,100,12.5,overcast clouds
39,Maniitsoq,GL,2021-12-04 17:55:19,65.4167,-52.9,37.45,87,100,14.85,light rain
40,Novo Aripuana,BR,2021-12-04 17:55:19,-5.1206,-60.3797,88.47,62,86,3.0,overcast clouds
41,Puerto Ayora,EC,2021-12-04 17:55:20,-0.7393,-90.3518,73.36,83,92,8.63,overcast clouds
42,Mataura,NZ,2021-12-04 17:55:20,-46.1927,168.8643,58.48,97,77,1.92,light rain
43,Barrow,US,2021-12-04 17:55:21,71.2906,-156.7887,10.06,91,100,11.81,overcast clouds
44,Saint-Joseph,RE,2021-12-04 17:55:21,-21.3667,55.6167,79.18,81,40,8.39,scattered clouds
45,Derzhavinsk,KZ,2021-12-04 17:55:21,51.1,66.3167,26.6,91,100,7.52,overcast clouds
46,Dikson,RU,2021-12-04 17:56:22,73.5069,80.5464,-19.62,99,100,5.75,overcast clouds
47,Busselton,AU,2021-12-04 17:56:22,-33.65,115.3333,60.08,77,0,10.69,clear sky
48,Guerrero Negro,MX,2021-12-04 17:56:23,27.9769,-114.0611,68.68,61,99,11.74,overcast clouds
49,Kahului,US,2021-12-04 17:56:23,20.8947,-156.47,64.69,89,100,4.79,overcast clouds
50,Nurota,UZ,2021-12-04 17:56:24,40.5614,65.6886,39.29,49,84,7.54,broken clouds
51,Coihaique,CL,2021-12-04 17:56:24,-45.5752,-72.0662,70.41,40,0,8.05,clear sky
52,Columbus,US,2021-12-04 17:56:24,39.9612,-82.9988,50.7,60,78,1.01,broken clouds
53,Broome,US,2021-12-04 17:56:25,42.2506,-75.833,46.06,67,64,3.0,broken clouds
54,Tyup,KG,2021-12-04 17:56:25,42.7276,78.3648,28.33,80,98,3.58,overcast clouds
55,Bredasdorp,ZA,2021-12-04 17:56:26,-34.5322,20.0403,65.28,78,95,19.26,light rain
56,Sao Filipe,CV,2021-12-04 17:56:26,14.8961,-24.4956,76.89,70,99,11.12,overcast clouds
57,Riyadh,SA,2021-12-04 17:56:27,24.6877,46.7219,62.74,29,1,5.21,clear sky
58,Hermanus,ZA,2021-12-04 17:56:27,-34.4187,19.2345,65.8,76,99,20.58,overcast clouds
59,Tuatapere,NZ,2021-12-04 17:56:27,-46.1333,167.6833,58.82,98,92,9.48,overcast clouds
60,Pisco,PE,2021-12-04 17:56:28,-13.7,-76.2167,70.02,83,0,10.36,clear sky
61,Gao,ML,2021-12-04 17:56:28,16.6362,1.637,80.73,11,18,10.6,few clouds
62,Methoni,GR,2021-12-04 17:56:29,36.8197,21.7049,55.22,77,31,7.94,scattered clouds
63,Jamestown,US,2021-12-04 17:56:29,42.097,-79.2353,42.3,59,40,13.0,scattered clouds
64,Kapaa,US,2021-12-04 17:56:30,22.0752,-159.319,65.12,82,95,7.54,light rain
65,Lebu,CL,2021-12-04 17:56:30,-37.6167,-73.65,60.24,64,0,20.6,clear sky
66,Horadiz,AZ,2021-12-04 17:56:31,39.4488,47.3353,34.57,61,0,1.34,clear sky
67,Hilo,US,2021-12-04 17:56:31,19.7297,-155.09,73.27,98,100,3.36,heavy intensity rain
68,Mount Gambier,AU,2021-12-04 17:56:31,-37.8333,140.7667,42.71,93,40,0.0,fog
69,Srednekolymsk,RU,2021-12-04 17:56:32,67.45,153.6833,-39.03,100,49,3.2,scattered clouds
70,East London,ZA,2021-12-04 17:56:32,-33.0153,27.9116,67.14,100,90,10.36,light rain
71,Nipawin,CA,2021-12-04 17:56:33,53.3668,-104.0009,1.44,92,40,0.0,scattered clouds
72,Upernavik,GL,2021-12-04 17:56:33,72.7868,-56.1549,13.06,80,100,6.8,overcast clouds
73,Inhambane,MZ,2021-12-04 17:56:34,-23.865,35.3833,78.4,87,35,15.26,scattered clouds
74,Tasiilaq,GL,2021-12-04 17:56:34,65.6145,-37.6368,25.59,84,100,20.04,overcast clouds
75,Amuntai,ID,2021-12-04 17:56:35,-2.4177,115.2494,73.85,99,100,3.13,overcast clouds
76,Barra Do Corda,BR,2021-12-04 17:56:35,-5.5,-45.25,80.73,81,97,4.72,overcast clouds
77,Ostrowiec Swietokrzyski,PL,2021-12-04 17:56:35,50.9294,21.3853,34.79,52,100,3.8,overcast clouds
78,San-Pedro,CI,2021-12-04 17:56:36,4.7485,-6.6363,80.87,78,56,6.76,broken clouds
79,Ginda,IN,2021-12-04 17:56:36,30.6945,78.4932,48.13,35,0,6.24,clear sky
80,Hobart,AU,2021-12-04 17:48:56,-42.8794,147.3294,44.46,80,70,1.01,broken clouds
81,Qaanaaq,GL,2021-12-04 17:56:37,77.484,-69.3632,0.52,66,70,7.63,broken clouds
82,Pevek,RU,2021-12-04 17:56:37,69.7008,170.3133,-12.1,97,100,9.35,overcast clouds
83,Fairbanks,US,2021-12-04 17:56:38,64.8378,-147.7164,-38.2,67,1,0.0,clear sky
84,Requena,ES,2021-12-04 17:56:38,39.4883,-1.1004,54.72,74,47,16.42,scattered clouds
85,Nikolskoye,RU,2021-12-04 17:48:53,59.7035,30.7861,17.49,94,100,5.99,overcast clouds
86,Kogon,UZ,2021-12-04 17:56:39,39.7228,64.5517,44.64,57,75,4.61,broken clouds
87,Kuytun,RU,2021-12-04 17:56:40,54.3419,101.5036,24.76,84,100,8.21,overcast clouds
88,Carnarvon,AU,2021-12-04 17:56:40,-24.8667,113.6333,73.47,83,0,8.05,clear sky
89,Nouadhibou,MR,2021-12-04 17:56:41,20.931,-17.0347,69.78,68,1,14.97,clear sky
90,Vila Franca Do Campo,PT,2021-12-04 17:56:41,37.7167,-25.4333,68.2,80,75,2.48,broken clouds
91,Laguna,US,2021-12-04 17:56:41,38.421,-121.4238,66.04,100,90,4.12,mist
92,Sobolevo,RU,2021-12-04 17:57:42,54.4299,31.8996,26.35,92,99,8.93,overcast clouds
93,Kavaratti,IN,2021-12-04 17:57:42,10.5669,72.642,81.48,75,23,5.48,few clouds
94,Oparino,RU,2021-12-04 17:57:43,59.8518,48.2783,20.91,95,100,6.87,light snow
95,Los Llanos De Aridane,ES,2021-12-04 17:57:43,28.6585,-17.9182,64.15,62,20,15.99,few clouds
96,Dingle,PH,2021-12-04 17:57:43,10.9995,122.6711,71.62,92,62,8.61,broken clouds
97,Takoradi,GH,2021-12-04 17:57:44,4.8845,-1.7554,81.64,77,72,8.86,broken clouds
98,Los Algarrobos,PA,2021-12-04 17:57:44,8.5,-82.4333,84.45,58,12,5.73,few clouds
99,Krasnoselkup,RU,2021-12-04 17:57:45,65.7,82.4667,-15.27,97,100,4.74,overcast clouds
100,Bluff,NZ,2021-12-04 17:57:45,-46.6,168.3333,58.8,92,53,13.8,light rain
101,Lorengau,PG,2021-12-04 17:57:45,-2.0226,147.2712,83.14,80,100,18.99,overcast clouds
102,Bubaque,GW,2021-12-04 17:57:46,11.2833,-15.8333,81.5,72,12,10.49,few clouds
103,Wageningen,NL,2021-12-04 17:57:46,51.9667,5.6667,43.0,95,75,5.75,broken clouds
104,Yellowknife,CA,2021-12-04 17:57:47,62.456,-114.3525,-27.58,83,1,5.75,clear sky
105,Longyearbyen,SJ,2021-12-04 17:57:47,78.2186,15.6401,19.24,73,75,21.85,broken clouds
106,Padang,ID,2021-12-04 17:54:00,-0.9492,100.3543,78.37,89,100,2.42,overcast clouds
107,San Patricio,US,2021-12-04 17:57:48,28.017,-97.5169,82.49,61,34,11.16,scattered clouds
108,Iranshahr,IR,2021-12-04 17:57:48,27.2025,60.6848,64.74,32,0,4.61,clear sky
109,Ostrovnoy,RU,2021-12-04 17:57:48,68.0531,39.5131,4.32,95,78,5.91,broken clouds
110,Kodiak,US,2021-12-04 17:57:49,57.79,-152.4072,23.59,71,97,3.27,overcast clouds
111,Arkalgud,IN,2021-12-04 17:57:49,12.765,76.0569,66.09,97,99,4.36,overcast clouds
112,Tlaltenango,MX,2021-12-04 17:57:50,19.1667,-98.3333,68.59,25,0,1.72,clear sky
113,Havelock,US,2021-12-04 17:57:50,34.8791,-76.9013,73.98,65,99,4.0,overcast clouds
114,Port Alfred,ZA,2021-12-04 17:57:51,-33.5906,26.891,67.78,94,100,21.63,light rain
115,Torbay,CA,2021-12-04 17:57:52,47.6666,-52.7314,33.58,48,40,25.32,scattered clouds
116,College,US,2021-12-04 17:57:52,64.8569,-147.8028,-34.35,67,1,0.0,clear sky
117,Falmouth,GB,2021-12-04 17:57:53,50.1544,-5.0711,45.5,65,62,27.13,broken clouds
118,Lozova,UA,2021-12-04 17:57:53,48.8894,36.3176,34.03,68,100,7.11,overcast clouds
119,Acajutla,SV,2021-12-04 17:57:53,13.5928,-89.8275,88.63,49,23,3.8,few clouds
120,Provideniya,RU,2021-12-04 17:57:54,64.3833,-173.3,11.14,82,22,6.38,few clouds
121,Bousse,BF,2021-12-04 17:57:54,12.6606,-1.8922,94.57,10,27,9.44,scattered clouds
122,Chokurdakh,RU,2021-12-04 17:57:55,70.6333,147.9167,-40.65,100,84,3.78,broken clouds
123,Kieta,PG,2021-12-04 17:57:55,-6.2167,155.6333,79.03,83,77,4.23,light rain
124,Katsuura,JP,2021-12-04 17:57:55,35.1333,140.3,48.31,58,0,14.83,clear sky
125,Port Angeles,US,2021-12-04 17:57:56,48.1181,-123.4307,40.84,96,90,0.0,light intensity drizzle
126,Khandyga,RU,2021-12-04 17:57:56,62.6667,135.6,-22.49,81,100,3.42,overcast clouds
127,Cape Town,ZA,2021-12-04 17:54:10,-33.9258,18.4232,68.11,70,20,7.0,few clouds
128,Kloulklubed,PW,2021-12-04 17:57:57,7.0419,134.2556,77.5,77,100,3.44,overcast clouds
129,Atuona,PF,2021-12-04 17:57:57,-9.8,-139.0333,78.22,75,37,19.35,scattered clouds
130,Luwuk,ID,2021-12-04 17:57:58,-0.9516,122.7875,78.58,89,100,1.54,overcast clouds
131,Cidreira,BR,2021-12-04 17:57:58,-30.1811,-50.2056,72.93,74,65,18.25,broken clouds
132,Hualmay,PE,2021-12-04 17:57:59,-11.0964,-77.6139,72.12,73,68,9.82,broken clouds
133,Mpika,ZM,2021-12-04 17:57:59,-11.8343,31.4529,74.25,31,10,3.87,clear sky
134,Tiksi,RU,2021-12-04 17:57:59,71.6872,128.8694,-22.61,99,100,3.29,overcast clouds
135,Whitehorse,CA,2021-12-04 17:58:00,60.7161,-135.0538,-15.83,76,75,3.44,light snow
136,Pitea,SE,2021-12-04 17:58:00,65.3172,21.4794,17.1,95,97,8.72,light snow
137,Tazovskiy,RU,2021-12-04 17:58:01,67.4667,78.7,-28.98,99,41,6.33,scattered clouds
138,Ndele,CF,2021-12-04 17:58:01,8.4109,20.6473,83.41,27,39,3.96,scattered clouds
139,Saldanha,ZA,2021-12-04 17:58:01,-33.0117,17.9442,68.05,89,100,14.18,light rain
140,Lyaskelya,RU,2021-12-04 17:59:02,61.7667,31.0167,6.17,81,31,8.7,scattered clouds
141,Victoria,HK,2021-12-04 17:55:46,22.2855,114.1577,66.38,65,82,1.01,broken clouds
142,Bambous Virieux,MU,2021-12-04 17:59:02,-20.3428,57.7575,79.21,83,20,6.91,few clouds
143,Benguela,AO,2021-12-04 17:59:03,-12.5763,13.4055,77.58,81,90,8.12,overcast clouds
144,Pangnirtung,CA,2021-12-04 17:59:04,66.1451,-65.7125,17.6,79,75,2.3,broken clouds
145,Minsk,BY,2021-12-04 17:54:31,53.9,27.5667,29.95,80,100,7.67,overcast clouds
146,Asau,RO,2021-12-04 17:59:05,46.4333,26.4,30.96,81,68,3.67,broken clouds
147,Fatsa,TR,2021-12-04 17:59:06,41.0278,37.5014,53.87,51,100,11.05,overcast clouds
148,Port-Cartier,CA,2021-12-04 17:59:06,50.0334,-66.8654,23.76,61,5,14.7,clear sky
149,Georgetown,MY,2021-12-04 17:59:06,5.4112,100.3354,79.9,85,20,1.01,few clouds
150,Arraial Do Cabo,BR,2021-12-04 17:59:07,-22.9661,-42.0278,80.56,54,40,10.36,scattered clouds
151,Saskylakh,RU,2021-12-04 17:59:07,71.9167,114.0833,-20.18,98,100,5.14,overcast clouds
152,Kokoda,PG,2021-12-04 17:59:08,-8.8785,147.7407,73.85,92,99,3.51,overcast clouds
153,Vao,NC,2021-12-04 17:59:08,-22.6667,167.4833,76.69,84,99,18.28,overcast clouds
154,Mayo,US,2021-12-04 17:59:09,38.8876,-76.5119,59.74,53,27,3.0,scattered clouds
155,Balikpapan,ID,2021-12-04 17:59:09,-1.2675,116.8289,75.78,91,96,2.8,heavy intensity rain
156,San Pedro,PH,2021-12-04 17:59:09,14.35,121.0167,76.32,69,20,6.91,few clouds
157,Tocopilla,CL,2021-12-04 17:59:10,-22.092,-70.1979,72.03,62,31,9.75,scattered clouds
158,Ancud,CL,2021-12-04 17:59:10,-41.8697,-73.8203,65.73,57,0,8.23,clear sky
159,Kostino,RU,2021-12-04 17:59:11,58.9097,53.2691,26.44,86,97,9.75,overcast clouds
160,Nizhneangarsk,RU,2021-12-04 17:59:11,55.7833,109.55,24.03,77,100,10.2,overcast clouds
161,Geraldton,AU,2021-12-04 17:59:11,-28.7667,114.6,66.13,82,0,9.22,clear sky
162,Vila Velha,BR,2021-12-04 17:54:14,-20.3297,-40.2925,78.75,73,40,11.5,scattered clouds
163,Murray Bridge,AU,2021-12-04 17:59:12,-35.1167,139.2667,58.48,93,1,6.04,clear sky
164,Turukhansk,RU,2021-12-04 17:59:12,65.8167,87.9833,-36.74,100,94,4.74,overcast clouds
165,Bonfim,BR,2021-12-04 17:59:13,3.0833,-59.95,92.23,43,50,5.97,scattered clouds
166,Mayumba,GA,2021-12-04 17:59:13,-3.432,10.6554,78.51,88,94,8.34,overcast clouds
167,New Norfolk,AU,2021-12-04 17:59:14,-42.7826,147.0587,44.1,66,63,2.26,broken clouds
168,Kampong Thum,KH,2021-12-04 17:59:14,12.7111,104.8887,65.55,74,96,4.72,overcast clouds
169,Sistranda,NO,2021-12-04 17:59:15,63.7256,8.834,30.16,62,100,11.41,overcast clouds
170,Brae,GB,2021-12-04 17:59:15,60.3964,-1.353,37.31,67,92,22.3,overcast clouds
171,Baiyin,CN,2021-12-04 17:59:16,36.5583,104.2081,18.48,30,0,3.62,clear sky
172,Kalaleh,IR,2021-12-04 17:59:16,37.3807,55.4916,44.2,87,0,0.0,clear sky
173,Surt,LY,2021-12-04 17:59:17,31.2089,16.5887,63.93,64,78,25.03,broken clouds
174,Yerbogachen,RU,2021-12-04 17:59:17,61.2767,108.0108,20.43,83,100,15.77,overcast clouds
175,Fortuna,US,2021-12-04 17:59:18,40.5982,-124.1573,49.32,97,90,0.0,overcast clouds
176,Kamaishi,JP,2021-12-04 17:59:18,39.2667,141.8833,34.52,69,43,11.45,scattered clouds
177,Egvekinot,RU,2021-12-04 17:59:18,66.3167,-179.1667,-25.69,94,16,5.48,few clouds
178,Mae Hong Son,TH,2021-12-04 17:59:19,19.3003,97.9685,64.0,91,42,2.48,scattered clouds
179,Vanimo,PG,2021-12-04 17:59:19,-2.6741,141.3028,78.22,91,100,7.63,moderate rain
180,Hinton,CA,2021-12-04 17:59:20,53.4001,-117.5857,1.44,59,100,3.8,overcast clouds
181,Yeppoon,AU,2021-12-04 18:00:20,-23.1333,150.7333,74.98,78,8,6.87,clear sky
182,Marzuq,YE,2021-12-04 18:00:21,14.4,46.4667,62.6,30,0,1.07,clear sky
183,Sabang,ID,2021-12-04 18:00:21,5.8933,95.3214,81.14,78,71,11.34,broken clouds
184,Yulara,AU,2021-12-04 18:00:21,-25.2406,130.9889,78.64,31,64,18.41,broken clouds
185,Tautira,PF,2021-12-04 18:00:22,-17.7333,-149.15,80.62,72,83,15.03,light rain
186,Big Spring,US,2021-12-04 18:00:22,32.2504,-101.4787,62.28,46,1,4.0,clear sky
187,Oum Hadjer,TD,2021-12-04 18:00:23,13.2954,19.6966,85.12,19,1,9.19,clear sky
188,Omboue,GA,2021-12-04 18:00:23,-1.5746,9.2618,78.85,87,99,10.07,overcast clouds
189,Bay Roberts,CA,2021-12-04 18:00:24,47.5999,-53.2648,34.34,43,81,15.99,broken clouds
190,Khuzhir,RU,2021-12-04 18:00:24,53.1939,107.3397,31.73,65,93,12.75,overcast clouds
191,Kysyl-Syr,RU,2021-12-04 18:00:24,63.8986,122.7617,-15.66,97,100,9.1,light snow
192,Denpasar,ID,2021-12-04 18:00:14,-8.65,115.2167,80.26,88,40,5.75,scattered clouds
193,Kango,GA,2021-12-04 18:00:25,0.1943,10.0951,79.07,86,83,0.81,broken clouds
194,Voh,NC,2021-12-04 18:00:25,-20.9667,164.7,74.32,89,6,3.96,clear sky
195,Souillac,MU,2021-12-04 18:00:26,-20.5167,57.5167,79.36,78,20,11.5,few clouds
196,Hasaki,JP,2021-12-04 18:00:26,35.7333,140.8333,39.6,51,0,21.0,clear sky
197,Aklavik,CA,2021-12-04 18:00:27,68.2191,-135.0107,-24.68,88,5,7.65,clear sky
198,Sinop,TR,2021-12-04 18:00:27,41.7711,34.8709,48.36,57,100,12.73,overcast clouds
199,Mar Del Plata,AR,2021-12-04 18:00:28,-38.0023,-57.5575,57.87,80,26,14.0,scattered clouds
200,Khatanga,RU,2021-12-04 18:00:28,71.9667,102.5,-21.28,98,100,8.21,overcast clouds
201,Bengkulu,ID,2021-12-04 18:00:29,-3.8004,102.2655,75.9,92,100,11.36,heavy intensity rain
202,Zhuhai,CN,2021-12-04 18:00:29,22.2769,113.5678,66.11,68,0,6.91,clear sky
203,Saint-Philippe,RE,2021-12-04 18:00:29,-21.3585,55.7679,80.19,81,36,10.49,scattered clouds
204,Clyde River,CA,2021-12-04 18:00:30,70.4692,-68.5914,12.43,85,100,29.93,light snow
205,Port Elizabeth,ZA,2021-12-04 17:58:55,-33.918,25.5701,63.1,88,90,13.8,light rain
206,Oranjemund,NA,2021-12-04 18:00:31,-28.55,16.4333,61.74,86,34,10.13,scattered clouds
207,North Bend,US,2021-12-04 18:00:32,43.4065,-124.2243,51.85,83,100,12.06,overcast clouds
208,Vardo,NO,2021-12-04 18:00:32,70.3705,31.1107,21.65,73,8,17.52,clear sky
209,Tromso,NO,2021-12-04 18:00:32,69.6496,18.957,19.42,58,0,9.22,clear sky
210,Filingue,NE,2021-12-04 18:00:33,14.3521,3.3168,83.98,10,71,7.67,broken clouds
211,Scottsbluff,US,2021-12-04 18:00:34,41.8666,-103.6672,51.78,47,14,1.14,few clouds
212,Soe,ID,2021-12-04 18:00:34,-9.8607,124.284,67.96,84,100,2.44,overcast clouds
213,Swan Hill,AU,2021-12-04 18:00:34,-35.3378,143.5544,52.09,71,0,8.16,clear sky
214,Valley Station,US,2021-12-04 18:00:35,38.1112,-85.8702,57.47,53,40,3.0,scattered clouds
215,Fengrun,CN,2021-12-04 18:00:35,39.8333,118.1167,36.68,53,0,1.54,clear sky
216,Dryden,CA,2021-12-04 18:00:36,49.7833,-92.7503,8.89,78,90,12.66,overcast clouds
217,Rudsar,IR,2021-12-04 18:00:37,37.1376,50.288,55.02,66,65,7.58,broken clouds
218,Beringovskiy,RU,2021-12-04 18:00:38,63.05,179.3167,10.98,89,79,8.01,broken clouds
219,Shingu,JP,2021-12-04 18:00:38,33.7333,135.9833,40.19,79,2,6.93,clear sky
220,Antofagasta,CL,2021-12-04 18:00:02,-23.65,-70.4,71.22,59,11,10.02,few clouds
221,Corinto,GR,2021-12-04 18:00:39,37.9407,22.9573,58.44,86,33,2.66,scattered clouds
222,Neuquen,AR,2021-12-04 18:00:39,-38.9516,-68.0591,75.09,30,3,3.18,clear sky
223,Acapulco,MX,2021-12-04 17:57:27,16.8634,-99.8901,84.83,57,41,4.47,scattered clouds
224,Wangjing,IN,2021-12-04 18:00:40,24.6,94.0333,63.9,78,100,0.81,light rain
225,Farmington,US,2021-12-04 18:00:40,36.7281,-108.2187,58.1,45,1,8.05,clear sky
226,Vila,PT,2021-12-04 18:01:41,42.0304,-8.1588,43.7,85,54,3.74,broken clouds
227,Astoria,US,2021-12-04 17:58:19,46.1879,-123.8313,48.85,96,90,1.99,light rain
228,Goderich,CA,2021-12-04 18:01:42,43.7501,-81.7165,37.9,57,83,25.97,broken clouds
229,Ambilobe,MG,2021-12-04 18:01:42,-13.2,49.05,79.97,67,39,6.93,scattered clouds
230,Alagoinha,BR,2021-12-04 18:01:42,-6.95,-35.545,90.19,44,78,18.45,broken clouds
231,Leningradskiy,RU,2021-12-04 18:01:43,69.3833,178.4167,-13.72,97,99,5.39,overcast clouds
232,Prince Rupert,CA,2021-12-04 18:00:30,54.3161,-130.3201,30.29,93,40,3.44,scattered clouds
233,Jumla,NP,2021-12-04 18:01:43,29.2747,82.1838,43.92,74,3,4.85,clear sky
234,Chibuto,MZ,2021-12-04 18:01:44,-24.6867,33.5306,87.04,49,10,13.56,clear sky
235,Huarmey,PE,2021-12-04 18:01:44,-10.0681,-78.1522,71.62,77,80,10.11,broken clouds
236,Zhigansk,RU,2021-12-04 18:01:44,66.7697,123.3711,-15.95,97,100,15.66,light snow
237,Garissa,KE,2021-12-04 18:01:45,-0.4536,39.6401,84.4,60,94,6.93,overcast clouds
238,Jimma,ET,2021-12-04 18:01:45,7.6667,36.8333,63.63,46,34,1.07,scattered clouds
239,Kuusamo,FI,2021-12-04 18:01:46,65.9667,29.1833,-0.36,85,0,3.44,clear sky
240,Grindavik,IS,2021-12-04 18:01:46,63.8424,-22.4338,30.67,93,75,6.91,broken clouds
241,Bereda,ES,2021-12-04 18:01:46,43.2686,-7.5406,49.91,100,89,3.31,overcast clouds
242,Mandera,KE,2021-12-04 18:01:47,3.9366,41.867,86.7,38,28,4.65,scattered clouds
243,Bayir,TR,2021-12-04 18:01:47,37.2687,28.2167,52.32,98,100,5.37,moderate rain
244,Poindimie,NC,2021-12-04 18:01:48,-20.9333,165.3333,78.26,79,81,8.08,broken clouds
245,Ocean City,US,2021-12-04 17:59:30,39.2776,-74.5746,53.98,71,100,5.99,overcast clouds
246,Waingapu,ID,2021-12-04 18:01:48,-9.6567,120.2641,81.0,77,100,7.85,moderate rain
247,Umea,SE,2021-12-04 17:58:52,63.8284,20.2597,18.91,73,0,9.22,clear sky
248,Olga,RU,2021-12-04 18:01:49,43.7444,135.2892,14.23,41,0,5.46,clear sky
249,Kendari,ID,2021-12-04 18:01:49,-3.945,122.4989,75.94,94,100,2.64,overcast clouds
250,Lasa,IT,2021-12-04 18:01:50,46.6166,10.7002,32.74,89,98,1.5,light snow
251,Teacapan,MX,2021-12-04 18:01:50,22.55,-105.75,81.34,65,62,4.47,broken clouds
252,Robertson,US,2021-12-04 18:01:51,36.5167,-86.8667,62.06,74,20,6.91,few clouds
253,Berlevag,NO,2021-12-04 18:01:51,70.8578,29.0864,17.67,81,24,20.2,few clouds
254,Codrington,AU,2021-12-04 18:01:53,-38.2667,141.9667,44.08,85,91,4.09,overcast clouds
255,Kargil,IN,2021-12-04 18:01:54,34.5667,76.1,15.39,69,15,4.21,few clouds
256,Volchikha,RU,2021-12-04 18:01:54,52.0333,80.3833,16.77,99,90,3.69,overcast clouds
257,Rio Gallegos,AR,2021-12-04 18:01:56,-51.6226,-69.2181,66.83,38,100,25.48,overcast clouds
258,Meadow Lake,US,2021-12-04 18:01:56,34.8014,-106.5436,63.43,37,0,4.43,clear sky
259,Kavieng,PG,2021-12-04 18:01:57,-2.5744,150.7967,81.97,81,77,14.18,moderate rain
260,Tommot,RU,2021-12-04 18:01:57,58.9564,126.2925,27.23,91,100,14.23,light snow
261,Nivala,FI,2021-12-04 18:01:58,63.9167,24.9667,5.68,96,14,4.81,few clouds
262,Fukue,JP,2021-12-04 18:01:58,32.6881,128.8419,54.54,57,85,5.28,overcast clouds
263,Mount Isa,AU,2021-12-04 18:01:05,-20.7333,139.5,80.37,44,23,0.0,few clouds
264,Kampot,KH,2021-12-04 18:01:59,10.6167,104.1833,69.13,82,87,6.82,overcast clouds
265,Kaitangata,NZ,2021-12-04 18:02:00,-46.2817,169.8464,57.85,88,100,3.27,overcast clouds
266,Serabu,SL,2021-12-04 18:02:00,7.7958,-12.0536,80.91,80,97,4.59,overcast clouds
267,Beira,MZ,2021-12-04 18:02:00,-19.8436,34.8389,81.03,75,0,15.48,clear sky
268,Alta Floresta,BR,2021-12-04 18:02:01,-9.8756,-56.0861,81.61,77,100,2.59,light rain
269,Honningsvag,NO,2021-12-04 18:02:02,70.9821,25.9704,23.43,80,14,27.78,few clouds
270,Paita,PE,2021-12-04 18:02:02,-5.0892,-81.1144,72.09,70,100,13.38,overcast clouds
271,Constitucion,CL,2021-12-04 18:02:02,-35.3333,-72.4167,69.33,54,4,14.83,clear sky
272,Thompson,CA,2021-12-04 18:03:03,55.7435,-97.8558,0.84,92,95,5.01,overcast clouds
273,Mingaora,PK,2021-12-04 18:03:03,34.7758,72.3625,56.05,49,100,2.53,overcast clouds
274,Chiredzi,ZW,2021-12-04 18:03:04,-21.05,31.6667,90.57,29,78,9.82,broken clouds
275,Tukrah,LY,2021-12-04 18:03:04,32.5341,20.5791,61.63,64,50,22.03,scattered clouds
276,Loanda,AO,2021-12-04 18:00:02,-8.8368,13.2343,78.3,83,78,10.38,light rain
277,Marihatag,PH,2021-12-04 18:03:05,8.7936,126.2969,75.96,86,88,9.04,overcast clouds
278,Mazatlan,MX,2021-12-04 18:01:04,23.2167,-106.4167,82.02,86,59,1.99,broken clouds
279,Yar-Sale,RU,2021-12-04 18:03:06,66.8333,70.8333,-21.08,98,22,6.38,few clouds
280,Severnyy,RU,2021-12-04 18:03:06,50.677,36.5532,28.44,86,75,4.47,broken clouds
281,Rorvik,NO,2021-12-04 18:03:07,64.8621,11.2373,26.92,68,67,36.55,broken clouds
282,Inuvik,CA,2021-12-04 17:58:08,68.3499,-133.7218,-13.79,73,1,5.75,clear sky
283,Yenagoa,NG,2021-12-04 18:03:07,4.9247,6.2642,81.66,78,91,6.17,light rain
284,Allauch,FR,2021-12-04 18:03:08,43.3357,5.482,54.59,62,94,8.01,overcast clouds
285,Poiana Lacului,RO,2021-12-04 18:03:08,44.8167,24.7333,38.08,94,100,0.76,overcast clouds
286,Swinoujscie,PL,2021-12-04 18:03:09,53.9105,14.2471,37.49,89,100,12.28,overcast clouds
287,Roma,US,2021-12-04 18:03:09,43.2128,-75.4557,44.94,65,75,6.91,broken clouds
288,Atambua,ID,2021-12-04 18:03:10,-9.1061,124.8925,75.04,92,100,2.93,overcast clouds
289,Chumikan,RU,2021-12-04 18:03:10,54.7183,135.315,5.83,77,83,27.85,broken clouds
290,Tabou,CI,2021-12-04 18:03:11,4.423,-7.3528,81.43,76,45,8.03,scattered clouds
291,Moron,AR,2021-12-04 18:03:11,-34.6534,-58.6198,79.02,55,90,1.99,overcast clouds
292,San Juan,AR,2021-12-04 18:03:11,-31.5375,-68.5364,68.7,59,98,11.34,overcast clouds
293,Baghdad,IQ,2021-12-04 18:01:32,33.3406,44.4009,58.39,26,97,4.56,overcast clouds
294,Puerto Del Rosario,ES,2021-12-04 18:03:12,28.5004,-13.8627,67.75,42,0,14.97,clear sky
295,Det Udom,TH,2021-12-04 18:03:12,14.906,105.0784,61.05,71,71,8.63,broken clouds
296,Mahibadhoo,MV,2021-12-04 18:02:02,3.7833,72.9667,81.86,78,25,10.87,scattered clouds
297,Pierreville,CA,2021-12-04 18:03:13,46.0703,-72.8112,25.66,33,26,5.82,scattered clouds
298,Anchorage,US,2021-12-04 18:02:12,61.2181,-149.9003,6.85,86,90,0.0,light snow
299,Bondo,CD,2021-12-04 18:03:14,3.8146,23.6866,70.59,96,97,2.28,overcast clouds
300,Payakumbuh,ID,2021-12-04 18:03:14,-0.2202,100.6308,71.13,98,100,1.36,overcast clouds
301,La Palma,US,2021-12-04 18:03:14,33.8464,-118.0467,65.93,81,90,1.01,mist
302,Svetlaya,RU,2021-12-04 18:03:15,46.5389,138.3297,3.72,83,1,9.73,clear sky
303,Lata,PT,2021-12-04 18:03:15,40.1629,-8.3327,53.06,94,43,3.09,scattered clouds
304,Nanortalik,GL,2021-12-04 18:03:16,60.1432,-45.2371,39.43,79,100,33.29,light rain
305,Vestmannaeyjar,IS,2021-12-04 18:03:16,63.4427,-20.2734,31.19,86,0,11.5,clear sky
306,Torata,PE,2021-12-04 18:03:17,-17.0769,-70.8433,71.62,32,77,12.55,broken clouds
307,Sarkand,KZ,2021-12-04 18:03:17,45.41,79.9186,40.87,71,100,2.93,overcast clouds
308,Wanning,CN,2021-12-04 18:03:18,18.8003,110.3967,67.91,79,100,11.52,overcast clouds
309,Touros,BR,2021-12-04 18:03:18,-5.1989,-35.4608,88.7,66,86,15.52,overcast clouds
310,Romny,UA,2021-12-04 18:03:19,50.751,33.4747,28.87,85,9,4.79,clear sky
311,Semey,KZ,2021-12-04 18:03:19,50.4111,80.2275,24.53,94,73,6.38,broken clouds
312,Shirokiy,RU,2021-12-04 18:03:20,49.758,129.523,-5.06,99,65,5.55,broken clouds
313,Hofn,IS,2021-12-04 18:03:20,64.2539,-15.2082,31.62,54,0,11.34,clear sky
314,Pervouralsk,RU,2021-12-04 18:03:21,56.9053,59.9436,37.65,92,100,16.08,overcast clouds
315,Ilulissat,GL,2021-12-04 18:04:21,69.2167,-51.1,35.62,64,75,27.63,broken clouds
316,Kaeo,NZ,2021-12-04 18:04:21,-35.1,173.7833,67.32,96,100,10.63,overcast clouds
317,Arlit,NE,2021-12-04 18:04:22,18.7369,7.3853,78.19,12,45,10.8,scattered clouds
318,Minot,US,2021-12-04 18:02:46,48.2325,-101.2963,34.02,51,90,11.5,overcast clouds
319,Marawi,PH,2021-12-04 18:04:23,7.9986,124.2928,66.65,98,99,3.91,overcast clouds
320,Alice Springs,AU,2021-12-04 18:04:23,-23.7,133.8833,78.35,27,55,10.36,broken clouds
321,Poselki,RU,2021-12-04 18:04:23,53.1324,46.5031,31.19,77,100,8.21,overcast clouds
322,Ruidoso,US,2021-12-04 18:04:24,33.3317,-105.673,59.76,37,1,0.0,clear sky
323,Wajir,KE,2021-12-04 18:04:24,1.7471,40.0573,83.07,58,65,6.82,broken clouds
324,Abu Zabad,SD,2021-12-04 18:04:25,12.35,29.25,81.64,23,1,8.57,clear sky
325,Gold Coast,AU,2021-12-04 18:04:25,-28.0,153.4333,68.18,90,94,1.99,overcast clouds
326,Saint George,US,2021-12-04 18:04:26,37.1041,-113.5841,65.35,42,1,5.75,clear sky
327,Guarda,PT,2021-12-04 18:04:26,40.5373,-7.2658,43.23,95,55,5.82,broken clouds
328,Qui Nhon,VN,2021-12-04 18:04:26,13.7667,109.2333,68.54,76,100,17.96,overcast clouds
329,Cabo San Lucas,MX,2021-12-04 18:03:02,22.8909,-109.9124,85.3,66,20,4.0,few clouds
330,Guymon,US,2021-12-04 18:04:27,36.6828,-101.4816,52.48,57,1,0.0,clear sky
331,Fallon,US,2021-12-04 18:04:27,39.4735,-118.7774,50.41,52,40,5.75,haze
332,Varhaug,NO,2021-12-04 18:04:28,58.6147,5.6457,38.89,67,99,34.45,overcast clouds
333,Mattru,SL,2021-12-04 18:04:28,7.6244,-11.8332,80.69,80,96,4.54,overcast clouds
334,Katobu,ID,2021-12-04 18:04:29,-4.9408,122.5276,76.21,90,100,3.0,overcast clouds
335,Olinda,BR,2021-12-04 18:04:29,-8.0089,-34.8553,85.73,70,75,10.36,broken clouds
336,Coahuayana,MX,2021-12-04 18:04:30,18.7333,-103.6833,87.28,53,29,5.08,scattered clouds
337,Songjianghe,CN,2021-12-04 18:04:30,42.1859,127.479,10.69,77,9,5.66,clear sky
338,Mucuri,BR,2021-12-04 18:04:30,-18.0864,-39.5508,78.8,74,41,14.56,scattered clouds
339,Ornskoldsvik,SE,2021-12-04 18:04:31,63.2909,18.7153,13.15,85,20,4.61,few clouds
340,Mwene-Ditu,CD,2021-12-04 18:04:31,-7.0,23.45,69.21,84,81,3.27,broken clouds
341,Russell,US,2021-12-04 18:03:26,32.3502,-85.1999,72.99,66,1,0.0,clear sky
342,Tual,ID,2021-12-04 18:04:32,-5.6667,132.75,83.89,77,100,11.97,moderate rain
343,Neiafu,TO,2021-12-04 18:04:32,-18.65,-173.9833,79.66,82,41,8.75,light rain
344,Beya,RU,2021-12-04 18:04:33,53.0533,90.9139,27.72,79,69,16.6,broken clouds
345,Daru,PG,2021-12-04 18:04:33,-9.0763,143.2092,80.91,83,100,8.37,overcast clouds
346,Arinos,BR,2021-12-04 18:04:34,-15.9169,-46.1056,83.46,59,85,3.4,overcast clouds
347,Mae Sai,TH,2021-12-04 18:04:34,20.4335,99.8762,55.44,81,64,2.3,broken clouds
348,Killybegs,IE,2021-12-04 18:04:34,54.6333,-8.45,44.31,67,40,24.7,scattered clouds
349,Oranjestad,AW,2021-12-04 18:04:35,12.524,-70.027,81.03,81,41,19.98,scattered clouds
350,Sao Joao Da Barra,BR,2021-12-04 18:04:35,-21.6403,-41.0511,80.69,73,26,10.69,scattered clouds
351,Prado,BR,2021-12-04 18:04:36,-17.3411,-39.2208,77.5,85,11,9.48,moderate rain
352,Tabuk,PH,2021-12-04 18:04:36,17.4189,121.4443,66.02,90,100,3.87,overcast clouds
353,Sorland,NO,2021-12-04 18:04:37,67.667,12.6934,29.23,62,6,20.29,clear sky
354,Banjar,ID,2021-12-04 18:04:37,-8.19,114.9675,80.46,89,100,3.24,overcast clouds
355,Amahai,ID,2021-12-04 18:04:38,-3.3333,128.9167,78.06,88,100,3.78,overcast clouds
356,Lerwick,GB,2021-12-04 18:04:38,60.1545,-1.1494,37.4,71,95,26.08,overcast clouds
357,Ambanja,MG,2021-12-04 18:04:38,-13.6833,48.45,77.59,88,12,1.57,few clouds
358,Maiduguri,NG,2021-12-04 18:04:39,11.8464,13.1603,79.43,22,22,10.31,few clouds
359,Luderitz,NA,2021-12-04 18:04:39,-26.6481,15.1594,62.53,84,8,4.65,clear sky
360,Hithadhoo,MV,2021-12-04 18:04:40,-0.6,73.0833,81.84,78,78,13.0,broken clouds
361,Akyab,MM,2021-12-04 17:59:51,20.15,92.9,77.27,71,88,3.02,overcast clouds
362,Baruun-Urt,MN,2021-12-04 18:05:40,46.6806,113.2792,23.27,40,20,17.22,few clouds
363,Port Blair,IN,2021-12-04 18:05:41,11.6667,92.75,79.45,80,41,9.4,scattered clouds
364,Ibra,OM,2021-12-04 18:05:41,22.6906,58.5334,68.45,54,3,5.88,clear sky
365,Deputatskiy,RU,2021-12-04 18:05:42,69.3,139.9,-39.69,96,20,2.44,few clouds
366,Komsomolskiy,UZ,2021-12-04 18:05:42,40.4272,71.7189,39.92,65,100,4.61,haze
367,Ribeira Grande,PT,2021-12-04 18:05:42,38.5167,-28.7,63.0,88,75,4.61,light intensity drizzle
368,Terney,RU,2021-12-04 18:05:43,45.0503,136.6092,5.25,76,1,10.92,clear sky
369,Klyuchi,RU,2021-12-04 18:05:43,52.2667,79.1667,19.85,97,69,5.82,broken clouds
370,Jabinyanah,TN,2021-12-04 18:05:44,35.035,10.9081,57.74,47,24,12.03,few clouds
371,Goulburn,AU,2021-12-04 18:05:44,-34.75,149.7167,53.15,94,100,11.21,overcast clouds
372,Toora-Khem,RU,2021-12-04 18:05:45,52.4675,96.11,18.18,97,100,1.61,light snow
373,Rawah,IQ,2021-12-04 18:05:45,34.4816,41.9093,57.25,32,100,5.66,overcast clouds
374,Thessalon,CA,2021-12-04 18:05:45,46.2501,-83.5666,34.09,70,99,22.84,light rain
375,Sile,TR,2021-12-04 18:05:46,41.1754,29.6133,58.71,77,100,5.01,overcast clouds
376,Shakhtinsk,KZ,2021-12-04 18:05:46,49.71,72.5872,24.55,88,90,5.32,overcast clouds
377,Coquimbo,CL,2021-12-04 18:05:47,-29.9533,-71.3436,65.93,68,0,14.97,clear sky
378,Vostok,RU,2021-12-04 18:05:47,46.4856,135.8833,-11.74,97,46,5.68,scattered clouds
379,Asfi,MA,2021-12-04 18:05:48,32.2994,-9.2372,61.99,60,0,15.88,clear sky
380,Taltal,CL,2021-12-04 18:05:48,-25.4,-70.4833,69.17,62,14,8.7,few clouds
381,Curanilahue,CL,2021-12-04 18:05:49,-37.4667,-73.35,76.39,28,0,10.76,clear sky
382,Ko Samui,TH,2021-12-04 18:05:49,9.5357,99.9357,79.86,62,23,12.01,few clouds
383,Nioro,GM,2021-12-04 18:05:49,13.35,-15.75,93.16,21,87,3.78,overcast clouds
384,Cherskiy,RU,2021-12-04 18:05:50,68.75,161.3,-26.12,100,99,5.64,overcast clouds
385,Karlstad,SE,2021-12-04 18:05:50,59.3793,13.5036,18.16,93,20,11.5,few clouds
386,Haines Junction,CA,2021-12-04 18:05:50,60.7522,-137.5108,-25.42,100,86,1.97,overcast clouds
387,Arequipa,PE,2021-12-04 18:03:51,-16.3989,-71.535,72.23,37,97,13.94,moderate rain
388,Nishihara,JP,2021-12-04 18:05:51,26.1842,127.7558,65.48,46,75,9.22,broken clouds
389,Talnakh,RU,2021-12-04 18:05:51,69.4865,88.3972,-25.29,99,100,3.36,overcast clouds
390,Puri,IN,2021-12-04 18:05:52,19.8,85.85,68.52,95,100,23.85,moderate rain
391,Sola,VU,2021-12-04 18:05:52,-13.8833,167.55,79.12,78,100,15.35,overcast clouds
392,Sarangani,PH,2021-12-04 18:05:53,5.4033,125.4636,81.07,77,67,9.71,broken clouds
393,Hambantota,LK,2021-12-04 18:05:53,6.1241,81.1185,78.73,84,59,5.64,broken clouds
394,Ajdabiya,LY,2021-12-04 18:05:54,30.7554,20.2263,63.84,56,80,21.99,broken clouds
395,Hefei,CN,2021-12-04 18:05:54,31.8639,117.2808,47.25,44,8,4.18,clear sky
396,Chapais,CA,2021-12-04 18:05:54,49.7834,-74.8492,6.22,78,98,4.34,overcast clouds
397,Ustye,RU,2021-12-04 18:05:55,59.6304,39.736,-0.26,97,97,4.81,overcast clouds
398,Alofi,NU,2021-12-04 18:05:55,-19.0595,-169.9187,79.03,81,100,5.23,overcast clouds
399,Maceio,BR,2021-12-04 18:01:51,-9.6658,-35.7353,87.24,66,75,17.27,light rain
400,Nelson Bay,AU,2021-12-04 18:05:56,-32.7167,152.15,67.08,70,96,3.0,overcast clouds
401,Sisophon,KH,2021-12-04 18:05:56,13.5859,102.9737,64.08,68,100,8.32,overcast clouds
402,Peniche,PT,2021-12-04 18:05:57,39.3558,-9.3811,60.28,84,45,16.02,scattered clouds
403,Petrolina,BR,2021-12-04 18:05:57,-9.3986,-40.5008,84.25,70,75,15.35,light rain
404,Sinnamary,GF,2021-12-04 18:05:58,5.3833,-52.95,78.62,89,100,6.87,overcast clouds
405,Lagoa,PT,2021-12-04 18:05:58,39.05,-27.9833,63.64,85,46,12.41,scattered clouds
406,Saurimo,AO,2021-12-04 18:05:58,-9.6608,20.3916,67.93,92,88,2.82,light rain
407,Aksu,CN,2021-12-04 18:05:59,41.1231,80.2644,28.94,42,96,1.88,overcast clouds
408,Santa Fe,AR,2021-12-04 18:04:33,-31.6333,-60.7,85.75,43,93,3.0,overcast clouds
409,Janauba,BR,2021-12-04 18:05:59,-15.8025,-43.3089,81.37,65,66,4.36,broken clouds
410,Bathsheba,BB,2021-12-04 18:07:00,13.2167,-59.5167,84.81,65,40,19.57,scattered clouds
411,Kotido,UG,2021-12-04 18:07:00,2.9806,34.1331,78.57,41,88,16.4,overcast clouds
412,Lavrentiya,RU,2021-12-04 18:07:01,65.5833,-171.0,0.88,94,53,5.93,broken clouds
413,Ukiah,US,2021-12-04 18:07:01,39.1502,-123.2078,66.04,93,90,0.0,mist
414,Ilo,PE,2021-12-04 18:07:02,-17.6394,-71.3375,72.46,64,0,8.05,clear sky
415,Lazaro Cardenas,MX,2021-12-04 18:05:53,17.9583,-102.2,83.39,63,39,4.03,scattered clouds
416,Tereze,RU,2021-12-04 18:07:02,43.9361,42.4434,30.7,46,77,6.53,broken clouds
417,Sagana,KE,2021-12-04 18:07:03,-0.6667,37.2,62.65,97,68,0.31,light rain
418,Bowen,AU,2021-12-04 18:07:03,-20.0167,148.2333,76.15,80,0,7.65,clear sky
419,La Baule-Escoublac,FR,2021-12-04 18:07:03,47.2922,-2.364,47.86,76,40,11.5,scattered clouds
420,Upington,ZA,2021-12-04 18:07:04,-28.4478,21.2561,72.5,27,22,16.46,few clouds
421,Henties Bay,NA,2021-12-04 18:07:04,-22.116,14.2845,63.86,84,0,12.59,clear sky
422,Orlik,RU,2021-12-04 18:07:05,52.5178,99.825,-0.51,97,49,3.4,scattered clouds
423,Banda Aceh,ID,2021-12-04 18:07:05,5.5577,95.3222,77.86,84,82,6.67,broken clouds
424,Along,IN,2021-12-04 18:07:05,28.1667,94.7667,57.69,83,78,1.54,broken clouds
425,Hamilton,US,2021-12-04 18:07:06,39.1834,-84.5333,54.09,54,1,1.01,clear sky
426,Sungaipenuh,ID,2021-12-04 18:07:06,-2.0833,101.3833,65.12,96,100,0.94,heavy intensity rain
427,Valparaiso,CL,2021-12-04 18:07:07,-33.0393,-71.6273,80.83,47,0,8.05,clear sky
428,Bosaso,SO,2021-12-04 18:07:07,11.2842,49.1816,76.46,63,0,7.67,clear sky
429,Bathurst,AU,2021-12-04 18:07:08,-33.4166,149.5806,55.83,83,43,1.01,scattered clouds
430,Aliman,RO,2021-12-04 18:07:08,44.1833,27.85,41.52,88,100,5.19,overcast clouds
431,Ust-Maya,RU,2021-12-04 18:07:08,60.4167,134.5333,-14.66,95,100,5.35,overcast clouds
432,Maragogi,BR,2021-12-04 18:07:09,-9.0122,-35.2225,82.42,72,78,11.52,broken clouds
433,Carutapera,BR,2021-12-04 18:07:09,-1.195,-46.02,84.6,66,100,8.46,overcast clouds
434,Samarai,PG,2021-12-04 18:07:10,-10.6167,150.6667,80.6,79,98,4.9,overcast clouds
435,Atar,MR,2021-12-04 18:07:10,20.5169,-13.0499,81.66,13,49,10.22,scattered clouds
436,Pokhara,NP,2021-12-04 18:07:11,28.2333,83.9833,59.0,63,0,3.89,clear sky
437,Devin,BG,2021-12-04 18:07:11,41.7433,24.4,36.5,95,74,3.42,broken clouds
438,Maryborough,AU,2021-12-04 18:07:11,-25.5333,152.7,68.41,93,97,4.59,light rain
439,Bahia De Caraquez,EC,2021-12-04 18:07:12,-0.6,-80.4167,78.98,70,72,11.77,broken clouds
440,Rupert,US,2021-12-04 18:07:12,42.6191,-113.6772,55.29,65,1,0.0,clear sky
441,Namatanai,PG,2021-12-04 18:07:13,-3.6667,152.4333,80.4,83,50,5.7,light rain
442,Emerald,AU,2021-12-04 18:07:14,-23.5333,148.1667,74.98,58,3,6.98,clear sky
443,Shelburne,CA,2021-12-04 18:05:27,44.0787,-80.2041,35.56,73,81,19.28,broken clouds
444,Batagay-Alyta,RU,2021-12-04 18:07:14,67.8006,130.4114,-26.79,98,100,2.82,overcast clouds
445,Salme,NP,2021-12-04 18:07:15,28.0369,85.0942,50.29,70,4,4.21,clear sky
446,Auki,SB,2021-12-04 18:07:15,-8.7676,160.7034,78.22,84,82,1.99,broken clouds
447,Ahipara,NZ,2021-12-04 18:07:15,-35.1667,173.1667,64.99,93,86,7.96,overcast clouds
448,Nome,US,2021-12-04 18:04:50,64.5011,-165.4064,12.27,85,90,0.0,mist
449,Saryozek,KZ,2021-12-04 18:07:16,44.3583,77.9753,41.67,61,100,0.87,overcast clouds
450,Quatre Cocos,MU,2021-12-04 18:07:16,-20.2078,57.7625,79.09,76,7,12.19,clear sky
451,Yumen,CN,2021-12-04 18:07:17,40.2833,97.2,29.97,31,46,8.9,scattered clouds
452,Faaa,PF,2021-12-04 18:07:17,-17.55,-149.6,84.16,61,40,4.61,light rain
453,Krasnyy Yar,RU,2021-12-04 18:07:18,46.5331,48.3456,46.33,90,26,12.44,scattered clouds
454,Maryville,US,2021-12-04 18:07:18,35.7565,-83.9705,70.27,70,75,3.0,broken clouds
455,Itoman,JP,2021-12-04 18:07:18,26.1247,127.6694,66.22,45,75,9.22,broken clouds
456,Jacareacanga,BR,2021-12-04 18:08:19,-6.2222,-57.7528,83.55,80,91,0.4,overcast clouds
457,Arrecife,ES,2021-12-04 18:08:19,28.963,-13.5477,68.07,48,0,16.11,clear sky
458,Roald,NO,2021-12-04 18:08:20,62.5833,6.1333,37.54,70,75,9.22,light rain
459,Volchanets,RU,2021-12-04 18:08:20,42.9131,132.7469,15.73,56,1,7.14,clear sky
460,Kanniyakumari,IN,2021-12-04 18:08:20,8.0833,77.5667,79.23,84,43,10.09,scattered clouds
461,Saint Anthony,US,2021-12-04 18:08:21,45.0205,-93.218,34.75,51,90,3.0,overcast clouds
462,Dauriya,RU,2021-12-04 18:08:21,49.9333,116.8667,8.33,96,43,3.22,scattered clouds
463,Faanui,PF,2021-12-04 18:08:22,-16.4833,-151.75,80.91,70,73,17.11,broken clouds
464,Tiznit,MA,2021-12-04 18:08:22,29.5833,-9.5,59.25,48,0,5.06,clear sky
465,Akonolinga,CM,2021-12-04 18:08:23,3.7667,12.25,75.65,71,79,1.61,broken clouds
466,Xining,CN,2021-12-04 18:08:23,36.6167,101.7667,27.41,31,0,2.59,clear sky
467,Nhulunbuy,AU,2021-12-04 18:08:24,-12.2333,136.7667,81.21,83,40,0.0,scattered clouds
468,Lukow,PL,2021-12-04 18:08:24,51.929,22.3796,32.68,55,100,5.59,overcast clouds
469,Polyarnyy,RU,2021-12-04 18:08:25,69.1989,33.4478,5.88,92,19,8.05,few clouds
470,Millington,US,2021-12-04 18:05:11,35.3415,-89.8973,63.95,85,90,6.91,overcast clouds
471,Lensk,RU,2021-12-04 18:08:26,60.7253,114.9278,22.23,88,100,10.51,light snow
472,Nago,JP,2021-12-04 18:08:26,26.5881,127.9761,66.27,67,76,13.42,light rain
473,Tadine,NC,2021-12-04 18:06:13,-21.55,167.8833,76.44,85,91,13.76,light rain
474,Les Cayes,HT,2021-12-04 18:08:27,18.2,-73.75,84.54,61,89,7.05,overcast clouds
475,Tralee,IE,2021-12-04 18:08:27,52.2704,-9.7026,41.25,87,20,6.91,light intensity shower rain
476,Savelugu,GH,2021-12-04 18:08:28,9.6244,-0.8253,89.42,15,74,5.03,broken clouds
477,Yishui,CN,2021-12-04 18:07:11,35.7847,118.6281,38.86,60,0,4.09,clear sky
478,Sechura,PE,2021-12-04 18:08:28,-5.5569,-80.8222,77.47,56,97,12.53,overcast clouds
479,High Level,CA,2021-12-04 18:08:29,58.5169,-117.136,-12.33,94,82,5.12,broken clouds
480,Palmer,US,2021-12-04 18:08:29,42.1584,-72.3287,40.59,56,90,1.01,overcast clouds
481,Mayachnyy,RU,2021-12-04 18:08:30,52.6839,55.685,31.78,86,82,20.69,light snow
482,Avera,US,2021-12-04 18:08:30,33.194,-82.5271,72.45,49,93,7.92,overcast clouds
483,Puerto Escondido,MX,2021-12-04 18:08:31,15.85,-97.0667,88.63,58,1,6.91,clear sky
484,Bandarbeyla,SO,2021-12-04 18:08:31,9.4942,50.8122,77.97,67,1,20.85,clear sky
485,Porbandar,IN,2021-12-04 18:08:31,21.6422,69.6093,75.52,56,0,13.11,clear sky
486,Verkhnyaya Inta,RU,2021-12-04 18:08:32,65.9811,60.3094,-14.71,90,28,9.22,scattered clouds
487,Sur,OM,2021-12-04 18:08:32,22.5667,59.5289,74.17,60,0,1.83,clear sky
488,San Andres,CO,2021-12-04 18:08:33,12.5847,-81.7006,86.02,70,40,14.97,scattered clouds
489,Richards Bay,ZA,2021-12-04 18:08:33,-28.783,32.0377,73.15,96,100,8.39,moderate rain
490,Aswan,EG,2021-12-04 18:08:33,24.0934,32.907,73.96,28,0,4.0,clear sky
491,Olbia,IT,2021-12-04 18:08:34,40.9214,9.4856,59.05,72,40,13.8,scattered clouds
492,Marsabit,KE,2021-12-04 18:08:34,2.3284,37.9899,68.07,72,61,12.88,light rain
493,Andros Town,BS,2021-12-04 18:08:35,24.7,-77.7667,78.76,59,28,13.42,scattered clouds
494,Natal,BR,2021-12-04 18:06:52,-5.795,-35.2094,88.45,62,40,17.27,scattered clouds
495,Gazli,UZ,2021-12-04 18:08:35,40.1333,63.45,45.0,32,100,8.72,overcast clouds
496,Hurricane,US,2021-12-04 18:05:30,37.1753,-113.2899,62.6,21,0,2.37,clear sky
497,Calvinia,ZA,2021-12-04 18:08:36,-31.4707,19.776,58.32,70,73,14.88,broken clouds
498,Ivanava,BY,2021-12-04 18:08:37,52.1451,25.5365,32.41,53,100,9.31,overcast clouds
499,Evansville,US,2021-12-04 18:06:06,37.9748,-87.5558,59.07,49,1,4.0,clear sky
500,La Quinta,US,2021-12-04 18:08:25,33.6634,-116.31,81.52,33,1,0.0,clear sky
501,Gobabis,NA,2021-12-04 18:09:37,-22.45,18.9667,78.21,14,94,17.11,overcast clouds
502,Tobermory,CA,2021-12-04 18:09:38,45.2501,-81.6665,31.3,59,100,31.9,light snow
503,Ugoofaaru,MV,2021-12-04 18:09:38,5.6667,73.0,82.58,75,22,11.3,few clouds
504,Joue-Les-Tours,FR,2021-12-04 18:09:38,47.3522,0.6691,43.14,75,75,10.36,broken clouds
505,Houma,US,2021-12-04 18:09:39,29.5958,-90.7195,75.2,79,40,5.75,scattered clouds
506,Mossendjo,CG,2021-12-04 18:09:39,-2.9506,12.7261,72.75,97,98,1.43,overcast clouds
507,Lesozavodsk,RU,2021-12-04 18:09:40,45.4794,133.4244,-1.95,91,14,7.45,few clouds
508,Tura,IN,2021-12-04 18:09:40,25.5198,90.2201,65.91,75,100,2.62,overcast clouds
509,Sabha,LY,2021-12-04 18:09:40,27.0377,14.4283,52.72,30,2,6.89,clear sky
510,Lahaina,US,2021-12-04 18:09:41,20.8783,-156.6825,67.24,56,100,5.23,overcast clouds
511,Zyryanka,RU,2021-12-04 18:09:42,65.75,150.85,-37.26,99,60,6.58,broken clouds
512,Mocuba,MZ,2021-12-04 18:09:43,-16.8392,36.9856,81.79,57,8,8.57,clear sky
513,Homer,US,2021-12-04 18:09:43,59.6425,-151.5483,10.29,85,90,4.61,overcast clouds
514,Kozhevnikovo,RU,2021-12-04 18:09:43,56.2589,83.9714,25.25,95,88,7.07,overcast clouds
515,Gat,IL,2021-12-04 18:09:44,31.61,34.7642,68.4,51,100,4.14,overcast clouds
516,Dubbo,AU,2021-12-04 18:09:44,-32.25,148.6167,57.33,88,1,9.22,clear sky
517,Tshikapa,CD,2021-12-04 18:09:45,-6.4167,20.8,73.45,94,100,0.89,light rain
518,Biak,ID,2021-12-04 18:09:45,-0.9131,122.8766,77.22,86,99,0.74,overcast clouds
519,Abu Samrah,SY,2021-12-04 18:09:46,35.3029,37.1841,57.15,43,100,6.6,overcast clouds
520,Broken Hill,AU,2021-12-04 18:09:46,-31.95,141.4333,63.64,40,85,12.66,overcast clouds
521,Lompoc,US,2021-12-04 18:09:47,34.6391,-120.4579,58.12,81,90,0.0,overcast clouds
522,Kodinsk,RU,2021-12-04 18:09:47,58.6881,99.1844,22.57,85,100,14.14,overcast clouds
523,San Cristobal,VE,2021-12-04 18:09:48,7.7669,-72.225,78.98,39,79,7.27,broken clouds
524,Marshall,US,2021-12-04 18:09:48,34.3834,-86.3333,65.41,96,90,0.0,overcast clouds
525,Carrollton,US,2021-12-04 18:06:43,32.9537,-96.8903,73.8,83,90,1.01,overcast clouds
526,Manta,EC,2021-12-04 18:09:49,-0.95,-80.7333,78.58,73,75,8.05,broken clouds
527,Mandal,IN,2021-12-04 18:09:49,25.45,74.5667,64.81,60,0,4.72,clear sky
528,York,US,2021-12-04 18:06:14,40.1254,-77.0,55.44,51,1,8.05,clear sky
529,Tessalit,ML,2021-12-04 18:09:50,20.1986,1.0114,74.12,14,49,10.78,scattered clouds
530,Amapa,BR,2021-12-04 18:09:50,1.0,-52.0,79.79,91,99,2.95,overcast clouds
531,Zalantun,CN,2021-12-04 18:09:51,48.0,122.7167,13.19,89,4,2.66,clear sky
532,Trat,TH,2021-12-04 18:09:51,12.5,102.5,66.16,78,91,8.28,overcast clouds
533,Huicungo,PE,2021-12-04 18:09:51,-7.2833,-76.8,91.65,59,40,5.75,scattered clouds
534,Rawson,AR,2021-12-04 18:09:52,-43.3002,-65.1023,81.99,20,0,9.98,clear sky
535,Altamira,BR,2021-12-04 18:09:52,-3.2033,-52.2064,85.08,68,96,3.67,moderate rain
536,Poli,TZ,2021-12-04 18:09:53,-3.3333,36.8,62.98,81,93,4.21,light rain
537,Nyurba,RU,2021-12-04 18:09:53,63.2842,118.3319,17.71,80,100,10.38,overcast clouds
538,Am Timan,TD,2021-12-04 18:09:54,11.0297,20.2827,85.42,21,5,4.92,clear sky
539,Terrace,CA,2021-12-04 18:09:54,54.5163,-128.6035,34.43,96,100,2.28,light rain
540,Lucapa,AO,2021-12-04 18:09:54,-8.4192,20.7447,68.16,94,89,2.75,light rain
541,Flexeiras,BR,2021-12-04 18:09:55,-9.1975,-35.7808,85.77,64,95,10.54,overcast clouds
542,Satipo,PE,2021-12-04 18:09:55,-11.2522,-74.6386,83.79,63,100,0.72,overcast clouds
543,Port Hawkesbury,CA,2021-12-04 18:09:56,45.6169,-61.3485,27.91,81,93,10.0,overcast clouds
544,Taoudenni,ML,2021-12-04 18:09:56,22.6783,-3.9836,66.58,20,36,11.74,scattered clouds
545,Carroll,US,2021-12-04 18:09:57,39.5501,-77.0164,56.44,48,1,4.0,clear sky
546,Novikovo,RU,2021-12-04 18:09:57,51.1537,37.8879,28.53,84,88,1.81,overcast clouds
547,West Bay,KY,2021-12-04 18:09:57,19.3667,-81.4167,84.27,77,20,3.0,few clouds
548,Mirnyy,RU,2021-12-04 18:10:58,62.5353,113.9611,11.84,89,94,10.4,overcast clouds
549,Maumere,ID,2021-12-04 18:10:58,-8.6199,122.2111,80.82,79,100,7.05,light rain
550,Tezu,IN,2021-12-04 18:10:59,27.9167,96.1667,64.98,56,77,4.18,broken clouds
551,Nakambala,ZM,2021-12-04 18:10:59,-15.8324,27.7799,85.96,23,57,7.61,broken clouds
552,Qena,EG,2021-12-04 18:10:59,26.1615,32.7183,70.45,23,59,4.65,broken clouds
553,Padre Bernardo,BR,2021-12-04 18:11:00,-15.35,-48.5,81.32,65,29,2.82,scattered clouds
554,Chimoio,MZ,2021-12-04 18:11:00,-19.1164,33.4833,80.46,41,20,12.66,few clouds
555,Phuket,TH,2021-12-04 18:11:00,8.0,98.25,77.22,73,75,5.75,broken clouds
556,Naze,JP,2021-12-04 18:11:01,28.3667,129.4833,58.35,60,87,16.55,overcast clouds
557,Kabinda,CD,2021-12-04 18:11:01,-6.1333,24.4833,71.69,80,61,3.29,broken clouds
558,Caravelas,BR,2021-12-04 18:11:02,-17.7125,-39.2481,79.45,72,40,10.87,light rain
559,Mwingi,KE,2021-12-04 18:11:02,-0.9344,38.0601,65.62,92,45,1.05,scattered clouds
560,Lenoir City,US,2021-12-04 18:11:03,35.7973,-84.256,70.56,74,99,1.01,overcast clouds
561,Ovalle,CL,2021-12-04 18:11:03,-30.5983,-71.2003,88.83,23,1,11.83,clear sky
562,Herzberg,DE,2021-12-04 18:11:03,51.6869,13.2202,36.16,93,75,8.05,broken clouds
563,Monrovia,LR,2021-12-04 18:06:52,6.3005,-10.7969,85.77,75,61,9.91,broken clouds
564,Barra Da Estiva,BR,2021-12-04 18:11:04,-13.6261,-41.3269,72.91,67,70,8.61,broken clouds
565,Buchach,UA,2021-12-04 18:11:04,49.0625,25.388,30.34,70,63,5.21,broken clouds
566,La Asuncion,VE,2021-12-04 18:11:05,11.0333,-63.8628,82.24,69,46,15.12,scattered clouds
567,Muros,ES,2021-12-04 18:11:05,42.7762,-9.0603,54.23,81,78,11.41,broken clouds
568,Nushki,PK,2021-12-04 18:11:06,29.5542,66.0215,54.61,70,64,4.5,broken clouds
569,Marsh Harbour,BS,2021-12-04 18:11:06,26.5412,-77.0636,75.42,65,2,11.39,clear sky
570,Puerto Plata,DO,2021-12-04 18:11:07,19.7934,-70.6884,83.16,83,40,11.5,scattered clouds
571,Guacui,BR,2021-12-04 18:11:07,-20.7756,-41.6794,72.59,83,73,4.16,broken clouds
572,Hami,CN,2021-12-04 18:11:08,42.8,93.45,26.42,57,61,1.72,broken clouds
573,Carndonagh,IE,2021-12-04 18:11:08,55.25,-7.2667,42.49,73,53,20.65,broken clouds
574,Dhidhdhoo,MV,2021-12-04 18:11:08,6.8833,73.1,82.11,74,12,6.8,few clouds
575,Juneau,US,2021-12-04 18:11:04,58.3019,-134.4197,24.85,100,82,4.65,broken clouds
576,Bridlington,GB,2021-12-04 18:11:09,54.0831,-0.1919,40.93,91,79,19.62,light rain
577,Bol,TD,2021-12-04 18:11:09,13.4586,14.7147,80.46,43,0,9.78,clear sky
578,Ayr,GB,2021-12-04 18:11:10,55.4627,-4.6339,42.78,75,20,16.11,few clouds
579,Verkh-Usugli,RU,2021-12-04 18:11:10,52.7,115.1667,17.33,87,100,4.29,overcast clouds
580,Byron Bay,AU,2021-12-04 18:11:11,-28.65,153.6167,68.05,89,75,7.47,broken clouds
581,Havre,FR,2021-12-04 18:11:11,49.5833,0.3333,43.2,67,68,18.07,broken clouds
582,Yelan-Kolenovskiy,RU,2021-12-04 18:11:11,51.1632,41.151,32.54,80,100,5.32,overcast clouds
583,Davidson,US,2021-12-04 18:11:12,36.1501,-86.7833,61.72,83,90,3.0,overcast clouds
584,Weligama,LK,2021-12-04 18:11:12,5.9667,80.4167,77.47,88,50,4.7,scattered clouds
585,Yeovil,GB,2021-12-04 18:11:13,50.9416,-2.6321,43.36,86,11,4.0,few clouds
586,Misratah,LY,2021-12-04 18:11:13,32.3754,15.0925,61.86,64,77,22.91,broken clouds
587,Talara,PE,2021-12-04 18:11:13,-4.5772,-81.2719,77.76,65,0,18.41,clear sky
588,Pacific Grove,US,2021-12-04 18:11:14,36.6177,-121.9166,54.52,82,90,1.01,overcast clouds
589,Fort Nelson,CA,2021-12-04 18:11:14,58.8053,-122.7002,-13.88,97,95,0.63,overcast clouds
590,Waitara,NZ,2021-12-04 18:11:15,-38.925,174.25,64.72,90,100,11.18,overcast clouds
591,Albion,US,2021-12-04 18:06:43,42.2431,-84.753,44.31,36,1,11.5,clear sky
592,Catamarca,AR,2021-12-04 18:11:15,-28.4696,-65.7852,78.78,62,98,3.0,overcast clouds
593,Okhotsk,RU,2021-12-04 18:11:16,59.3833,143.3,-22.83,90,47,13.65,scattered clouds
594,Nemuro,JP,2021-12-04 18:11:16,43.3236,145.575,32.9,63,84,16.46,broken clouds
595,Savannah Bight,HN,2021-12-04 18:11:16,16.45,-85.85,82.0,71,77,9.51,broken clouds
596,Tateyama,JP,2021-12-04 18:11:17,34.9833,139.8667,48.22,56,3,13.56,clear sky
597,Baijiantan,CN,2021-12-04 18:12:17,45.6333,85.1833,30.97,59,100,1.34,overcast clouds
598,Ratnagiri,IN,2021-12-04 18:12:18,16.9833,73.3,76.51,80,22,2.57,few clouds
599,Bara,NG,2021-12-04 18:12:18,10.3744,10.7288,82.04,25,39,7.61,scattered clouds
600,Halifax,CA,2021-12-04 18:11:54,44.6453,-63.5724,33.22,53,41,4.0,scattered clouds
601,Poum,NC,2021-12-04 18:12:19,-20.2333,164.0167,79.25,76,5,10.8,clear sky
602,Labuan,MY,2021-12-04 18:12:19,5.2767,115.2417,77.16,75,100,2.62,overcast clouds
603,Harper,LR,2021-12-04 18:12:20,4.375,-7.7169,81.21,78,53,9.4,broken clouds
604,Bad Salzungen,DE,2021-12-04 18:12:20,50.8167,10.2333,40.21,88,100,1.01,overcast clouds
605,Kiruna,SE,2021-12-04 18:12:21,67.8557,20.2251,0.52,92,90,2.3,light snow
606,Sept-Iles,CA,2021-12-04 18:09:02,50.2001,-66.3821,24.06,64,9,8.99,clear sky
607,Makakilo City,US,2021-12-04 18:12:21,21.3469,-158.0858,65.28,82,90,5.75,overcast clouds
608,Trincomalee,LK,2021-12-04 18:12:22,8.5711,81.2335,79.54,76,1,3.78,clear sky
609,Vikesa,NO,2021-12-04 18:12:22,58.6376,6.0913,38.3,70,100,22.53,overcast clouds
610,Bambanglipuro,ID,2021-12-04 18:12:23,-7.95,110.2833,63.61,88,100,6.6,overcast clouds
611,Togur,RU,2021-12-04 18:12:23,58.3631,82.8265,17.11,93,79,8.75,broken clouds
612,Buriti Alegre,BR,2021-12-04 18:12:23,-18.14,-49.0403,86.23,45,43,5.79,scattered clouds
613,Honiara,SB,2021-12-04 18:12:24,-9.4333,159.95,77.67,87,46,3.15,scattered clouds
614,Ucluelet,CA,2021-12-04 18:12:24,48.9329,-125.5528,38.08,91,100,3.06,overcast clouds
615,Le Port,RE,2021-12-04 18:12:25,-20.9373,55.2919,80.6,82,44,5.99,scattered clouds
616,Pa Daet,TH,2021-12-04 18:12:25,19.5049,99.9924,56.16,83,39,2.04,scattered clouds
617,Kurchum,KZ,2021-12-04 18:12:25,48.5722,83.6542,13.41,86,20,3.33,few clouds
618,Polovinnoye,RU,2021-12-04 18:12:26,54.7914,65.9864,31.41,90,96,14.88,overcast clouds
619,Khorramshahr,IR,2021-12-04 18:12:26,30.4397,48.1664,46.35,24,96,7.58,overcast clouds
620,Demidov,RU,2021-12-04 18:12:27,55.2706,31.515,27.01,92,98,6.33,overcast clouds
621,Palotina,BR,2021-12-04 18:12:27,-24.2839,-53.84,95.25,39,7,6.2,clear sky
622,Nautla,MX,2021-12-04 18:12:28,20.2167,-96.7833,78.08,74,6,4.74,clear sky
623,Davila,PH,2021-12-04 18:12:28,18.4726,120.5763,73.2,78,97,24.05,overcast clouds
624,Osypenko,UA,2021-12-04 18:12:28,46.9136,36.8253,36.84,90,100,18.16,overcast clouds
625,Theunissen,ZA,2021-12-04 18:12:29,-28.411,26.7011,59.41,94,99,6.71,light rain
626,Adelaide,AU,2021-12-04 18:07:58,-34.9333,138.6,58.21,76,20,1.99,few clouds
627,Galveston,US,2021-12-04 18:11:21,29.3669,-94.9669,81.01,84,20,7.0,few clouds
628,Bahia Blanca,AR,2021-12-04 18:07:49,-38.7196,-62.2724,68.65,33,90,5.32,overcast clouds
629,Stutterheim,ZA,2021-12-04 18:12:30,-32.5708,27.424,57.83,98,100,6.24,light rain
630,Mitchell,US,2021-12-04 18:12:30,43.7094,-98.0298,38.1,45,90,8.99,overcast clouds
631,Sao Felix Do Xingu,BR,2021-12-04 18:12:30,-6.6447,-51.995,82.81,77,100,2.89,overcast clouds
632,San Francisco,US,2021-12-04 18:10:53,37.7749,-122.4194,56.68,83,90,1.99,overcast clouds
633,Wattegama,LK,2021-12-04 18:12:31,6.7989,81.4808,74.28,93,10,1.14,clear sky
634,Paamiut,GL,2021-12-04 18:12:31,61.994,-49.6678,37.08,82,93,37.6,light rain
635,Waddan,LY,2021-12-04 18:12:32,29.1614,16.139,53.82,49,0,8.03,clear sky
636,Qasigiannguit,GL,2021-12-04 18:12:32,68.8193,-51.1922,35.85,51,100,37.29,overcast clouds
637,Acari,PE,2021-12-04 18:12:33,-15.4311,-74.6158,82.11,50,87,11.14,overcast clouds
638,Nogliki,RU,2021-12-04 18:12:33,51.8333,143.1667,-4.79,95,29,11.3,scattered clouds
639,Wasilla,US,2021-12-04 18:12:33,61.5814,-149.4394,9.73,71,1,1.99,fog
640,Carahue,CL,2021-12-04 18:12:34,-38.7,-73.1667,79.0,33,0,9.26,clear sky
641,Northam,GB,2021-12-04 18:12:34,51.0333,-4.2167,45.39,74,69,25.57,broken clouds
642,La Rioja,ES,2021-12-04 18:12:35,42.25,-2.5,45.48,91,85,4.27,overcast clouds
643,Ishigaki,JP,2021-12-04 18:12:35,24.3448,124.1572,69.08,62,100,18.86,overcast clouds
644,Havre-Saint-Pierre,CA,2021-12-04 18:13:36,50.2334,-63.5986,27.19,47,41,24.81,scattered clouds
645,Bilibino,RU,2021-12-04 18:13:36,68.0546,166.4372,-39.3,100,98,4.36,overcast clouds
646,Kruisfontein,ZA,2021-12-04 18:13:36,-34.0033,24.7314,60.89,95,100,16.89,light rain
647,Itarema,BR,2021-12-04 18:13:37,-2.9248,-39.9167,86.59,60,78,16.58,broken clouds
648,Lexington,US,2021-12-04 18:11:58,37.9887,-84.4777,54.72,50,1,4.0,clear sky
649,Rabo De Peixe,PT,2021-12-04 18:13:37,37.8,-25.5833,67.28,99,40,6.91,scattered clouds
650,Brooks,CA,2021-12-04 18:13:38,50.5834,-111.8851,28.02,90,100,10.09,snow
651,Benghazi,LY,2021-12-04 18:13:38,32.1167,20.0667,64.42,56,64,22.12,broken clouds
652,Comodoro Rivadavia,AR,2021-12-04 18:13:39,-45.8667,-67.5,75.06,20,0,17.27,clear sky
653,Isabela,PH,2021-12-04 18:13:39,6.7085,121.9711,79.25,80,91,2.84,overcast clouds
654,Shitkino,RU,2021-12-04 18:13:39,56.3703,98.3543,25.86,90,100,14.83,light snow
655,Coos Bay,US,2021-12-04 18:13:40,43.3665,-124.2179,51.93,93,90,8.05,overcast clouds
656,Ranot,TH,2021-12-04 18:13:40,7.7777,100.3213,78.57,80,68,10.36,broken clouds
657,Jining,CN,2021-12-04 18:13:41,35.405,116.5814,40.89,52,2,6.33,clear sky
658,Iqaluit,CA,2021-12-04 18:13:41,63.7506,-68.5145,2.93,77,90,24.0,light snow
659,Pauini,BR,2021-12-04 18:13:41,-7.7136,-66.9764,92.41,48,74,3.38,broken clouds
660,Saint-Francois,FR,2021-12-04 18:13:42,46.4154,3.9054,42.48,86,90,12.66,overcast clouds
661,Bundaberg,AU,2021-12-04 18:13:42,-24.85,152.35,70.21,92,40,1.01,moderate rain
662,Usinsk,RU,2021-12-04 18:13:43,65.9939,57.5281,-12.46,87,29,12.77,scattered clouds
663,Polewali,ID,2021-12-04 18:13:43,-3.4324,119.3435,77.14,91,100,3.15,overcast clouds
664,Christchurch,NZ,2021-12-04 18:10:27,-43.5333,172.6333,68.95,63,93,1.99,overcast clouds
665,Lodwar,KE,2021-12-04 18:13:44,3.1191,35.5973,85.73,44,57,19.28,broken clouds
666,Challakere,IN,2021-12-04 18:13:44,14.3167,76.65,73.58,81,65,10.45,broken clouds
667,Dumai,ID,2021-12-04 18:13:45,1.6833,101.45,74.37,96,99,0.36,overcast clouds
668,Cotacachi,EC,2021-12-04 18:13:45,0.3,-78.2667,72.95,77,81,4.03,light rain
669,Rio Grande,BR,2021-12-04 18:13:45,-32.035,-52.0986,77.11,73,95,15.19,overcast clouds
670,Xique-Xique,BR,2021-12-04 18:13:46,-10.8218,-42.7263,80.01,59,100,9.93,overcast clouds
671,Smithers,CA,2021-12-04 18:13:46,54.7804,-127.1743,23.32,93,90,3.44,snow
672,Kalmunai,LK,2021-12-04 18:09:17,7.4167,81.8167,78.85,83,13,2.77,few clouds
673,La Ronge,CA,2021-12-04 18:13:47,55.1001,-105.2842,-0.51,88,87,3.31,overcast clouds
674,Binga,ZW,2021-12-04 18:13:47,-17.6203,27.3414,84.7,36,5,4.9,clear sky
675,Narsaq,GL,2021-12-04 18:13:48,60.9167,-46.05,41.22,73,100,12.48,light rain
676,Bako,ET,2021-12-04 18:13:48,5.7833,36.5667,73.45,44,76,2.55,broken clouds
677,Guane,CU,2021-12-04 18:13:49,22.2025,-84.0875,82.54,49,8,5.5,clear sky
678,Pamyat Parizhskoy Kommuny,RU,2021-12-04 18:13:49,56.1048,44.4952,28.35,80,98,12.86,overcast clouds
679,Morrinhos,BR,2021-12-04 18:13:50,-17.7311,-49.0994,82.62,55,44,4.45,scattered clouds
680,Linden,GY,2021-12-04 18:13:50,6.0,-58.3,89.74,50,88,4.76,overcast clouds
681,Manokwari,ID,2021-12-04 18:13:50,-0.8667,134.0833,78.85,85,100,3.76,overcast clouds
682,Puerto Madryn,AR,2021-12-04 18:13:51,-42.7692,-65.0385,80.91,23,0,18.99,clear sky
683,Yelizovo,RU,2021-12-04 18:13:51,53.1873,158.3805,30.11,100,74,4.0,broken clouds
684,Ficarazzi,IT,2021-12-04 18:13:52,38.0897,13.4681,56.05,73,9,5.01,clear sky
685,Elat,IL,2021-12-04 18:13:52,29.5581,34.9482,69.53,34,100,2.98,overcast clouds
